Feature_Pair,Accuracy_Class_1,Accuracy_Class_2,Accuracy_Class_3,AUC_Class_1,AUC_Class_2,AUC_Class_3,Sensitivity_class_1,Sensitivity_class_2,Sensitivity_class_3,Specificity_class_1,Specificity_class_2,Specificity_class_3,LR_positive_class_1,LR_positive_class_2,LR_positive_class_3,LR_negative_class_1,LR_negative_class_2,LR_negative_class_3,F1score_class_1,F1score_class_2,F1score_class_3,Classification_error,Pairwise_classification_accuracy,Rank_score,Alpha_1,Alpha_2,Beta_1,Beta_2,Beta_3,Beta_4,Beta_5,Mean_1,Mean_2,Mean_3,Mean_4,Mean_5,SD_1,SD_2,SD_3,SD_4,SD_5,azimilide,bepridil,disopyramide,dofetilide,ibutilide,quinidine,sotalol,vandetanib,astemizole,chlorpromazine,cisapride,clarithromycin,clozapine,domperidone,droperidol,ondansetron,pimozide,risperidone,terfenadine,diltiazem,loratadine,metoprolol,mexiletine,nifedipine,nitrendipine,ranolazine,tamoxifen,verapamil
APD50-APD90-max_dv-carest-CaTD90,0.8125,0.625,0.75,0.927272727,0.698412698,0.833333333,0.6,0.428571429,0.75,0.909090909,0.666666667,0.75,6.599938401,1.92856725,2.999992,0.440000616,0.642857679,0.333334222,0.666666667,0.545454545,0.6,0.246302207,0.91943128,0.777777778,-21.80494426,1.465215425,-29.48067549,33.48713952,-50.27514464,49.06370107,89.28855544,286.8620938,363.9871979,-0.298881594,7.48E-05,747.0841354,53.76993945,83.19192952,0.064078571,9.00E-07,29.43244193,1,1,0.509,1,1,1,0.9555,1,0.953,0.9265,0.998,0.9545,0.8795,0,0.934,0.998,0.0205,0.973,0.983,0.982,0.9755,0.955,1,1,0.9015,0.973,0.0905,0.983
APD50-max_dv-camax-carest-CaTD90,0.8125,0.625,0.75,0.927272727,0.698412698,0.8125,0.6,0.428571429,0.75,0.909090909,0.666666667,0.75,6.599938401,1.92856725,2.999992,0.4000006,0.642857679,0.333334222,0.727272727,0.545454545,0.6,0.250874031,0.914691943,0.777777778,-21.01456997,2.093248716,-28.97607793,-35.16686748,9.983562943,47.69922438,100.2683549,286.8620938,-0.298881594,0.000245491,7.48E-05,747.0841354,53.76993945,0.064078571,1.78E-05,9.00E-07,29.43244193,1,1,0.4055,1,1,0.9995,0.943,1,0.9275,0.937,0.996,0.9575,0.8855,0,0.9215,0.9955,0.02,0.973,0.979,0.992,0.991,0.95,1,1,0.95,0.9735,0.099,0.984
APD50-max_dv-carest-CaTD50-CaTD90,0.8125,0.625,0.75,0.927272727,0.698412698,0.8125,0.6,0.428571429,0.75,0.909090909,0.666666667,0.75,6.599938401,1.92856725,2.999992,0.4000006,0.642857679,0.333334222,0.727272727,0.545454545,0.6,0.24671352,0.91943128,0.777777778,-31.42807464,-8.431277177,-14.97269666,-34.23519572,52.89596729,-21.67004822,126.635541,286.8620938,-0.298881594,7.48E-05,314.3122396,747.0841354,53.76993945,0.064078571,9.00E-07,14.34918714,29.43244193,1,1,0.443,1,1,1,0.947,1,0.9355,0.939,0.997,0.964,0.876,0,0.9235,0.9955,0.0195,0.9575,0.979,0.988,0.99,0.95,1,1,0.9605,0.974,0.1215,0.9835
APD90-max_dv-carest-CaTD50-CaTD90,0.8125,0.625,0.75,0.927272727,0.698412698,0.84375,0.6,0.428571429,0.75,0.909090909,0.666666667,0.75,6.599938401,1.92856725,2.999992,0.4000006,0.642857679,0.333334222,0.727272727,0.545454545,0.6,0.242261127,0.924170616,0.777777778,-37.42076332,-13.72596373,15.64441944,-46.62648793,47.68289096,-25.48518182,123.5912725,363.9871979,-0.298881594,7.48E-05,314.3122396,747.0841354,83.19192952,0.064078571,9.00E-07,14.34918714,29.43244193,1,1,0.5405,1,1,1,0.9495,1,0.9395,0.936,0.997,0.956,0.8775,0,0.931,0.998,0.017,0.98,0.979,0.986,0.9835,0.951,1,1,0.932,0.9755,0.093,0.9835
dvdtmax-APD50-max_dv-carest-CaTD90,0.8125,0.625,0.75,0.927272727,0.698412698,0.833333333,0.6,0.428571429,0.75,0.909090909,0.666666667,0.75,6.599938401,1.92856725,2.999992,0.4000006,0.734694219,0.333334222,0.727272727,0.5,0.6,0.247325092,0.924170616,0.777777778,-23.76418151,-0.044763195,-15.97305176,-40.12058187,-36.91951117,61.24701327,112.2729883,72.39906799,286.8620938,-0.298881594,7.48E-05,747.0841354,1.261624597,53.76993945,0.064078571,9.00E-07,29.43244193,1,1,0.4645,1,1,1,0.951,1,0.925,0.939,0.995,0.9705,0.8655,0,0.921,0.996,0.022,0.9105,0.9805,0.9835,0.996,0.9215,1,1,0.9625,0.9775,0.161,0.9835
dvdtmax-APD90-camax-carest-CaTD50,0.75,0.625,0.8125,0.909090909,0.73015873,0.916666667,0.8,0.285714286,0.75,0.727272727,0.777777778,0.75,2.933326244,1.92856725,3.999988,0.275000997,0.80357165,0.30000084,0.666666667,0.4,0.666666667,0.281121698,0.90521327,0.777777778,-2.728974659,2.342126933,2.443045002,13.41657887,-11.73892403,8.26318375,-2.618566391,72.39906799,363.9871979,0.000245491,7.48E-05,314.3122396,1.261624597,83.19192952,1.78E-05,9.00E-07,14.34918714,1,1,0.8075,1,1,0.958,0.967,1,0.922,0.2785,1,0.859,0.263,0,0.9645,0.9945,0.059,0.0035,0.9925,1,1,0.7045,1,1,1,0.1585,1,0.9275
dvdtmax-APD90-camax-carest-CaTD90,0.8125,0.625,0.75,0.945454545,0.698412698,0.854166667,0.6,0.285714286,0.75,0.818181818,0.666666667,0.747916667,5.49997525,1.714283571,2.999992,0.4000006,0.80357165,0.333334222,0.727272727,0.4,0.6,0.259055649,0.91943128,0.777777778,-14.53134519,6.068032366,-18.81131567,-74.06812475,-5.281155523,53.89035487,87.4066769,72.39906799,363.9871979,0.000245491,7.48E-05,747.0841354,1.261624597,83.19192952,1.78E-05,9.00E-07,29.43244193,1,1,0.169,1,1,0.999,0.868,1,0.8345,0.9375,0.9905,0.976,0.8235,0,0.848,0.997,0.0145,0.7145,0.939,1,1,0.871,1,1,1,0.954,0.6825,0.973
dvdtmax-APD90-max_dv-carest-CaTD90,0.8125,0.625,0.75,0.927272727,0.698412698,0.854166667,0.6,0.428571429,0.75,0.909090909,0.666666667,0.75,6.599938401,1.714283571,2.999992,0.488889514,0.734694219,0.333334222,0.6,0.5,0.6,0.260406102,0.924170616,0.777777778,-24.3591318,-0.196417588,-4.269985912,17.56008481,-52.38205749,43.58807251,78.59288163,72.39906799,363.9871979,-0.298881594,7.48E-05,747.0841354,1.261624597,83.19192952,0.064078571,9.00E-07,29.43244193,1,1,0.5215,1,1,1,0.9405,1,0.8935,0.9415,0.9975,0.952,0.8795,0,0.9295,0.997,0.0105,0.9845,0.974,0.9905,0.7835,0.947,1,1,0.933,0.978,0.0765,0.9835
dvdtmax-max_dv-camax-carest-CaTD90,0.8125,0.625,0.75,0.927272727,0.698412698,0.854166667,0.6,0.428571429,0.75,0.909090909,0.666666667,0.75,6.599938401,1.714283571,2.999992,0.440000616,0.734694219,0.333334222,0.666666667,0.5,0.6,0.251192268,0.924170616,0.777777778,-18.80370742,5.356702315,-20.70132247,-43.07353621,-28.42192824,64.87657276,75.08466318,72.39906799,-0.298881594,0.000245491,7.48E-05,747.0841354,1.261624597,0.064078571,1.78E-05,9.00E-07,29.43244193,1,1,0.457,1,1,0.9995,0.936,1,0.8785,0.95,0.9945,0.9705,0.864,0,0.9165,0.998,0.0175,0.8705,0.975,0.9925,0.996,0.8955,1,1,0.985,0.9805,0.2065,0.983
dvdtmax-max_dv-carest-CaTD50-CaTD90,0.8125,0.625,0.75,0.927272727,0.698412698,0.854166667,0.6,0.428571429,0.75,0.909090909,0.666666667,0.75,6.599938401,1.92856725,2.999992,0.4000006,0.642857679,0.333334222,0.727272727,0.545454545,0.6,0.242353902,0.928909953,0.777777778,-38.17875088,-14.42314973,-5.069489,-40.53723835,51.22558057,-26.4691376,131.4463007,72.39906799,-0.298881594,7.48E-05,314.3122396,747.0841354,1.261624597,0.064078571,9.00E-07,14.34918714,29.43244193,1,1,0.5215,1,1,1,0.945,1,0.925,0.9405,0.997,0.9615,0.8755,0,0.9245,0.9975,0.0175,0.9695,0.976,0.9875,0.989,0.9445,1,1,0.956,0.9765,0.114,0.9835
dvdtmax-vmax-APD50-camax-carest,0.8125,0.625,0.75,0.927272727,0.666666667,0.8125,0.6,0.428571429,0.75,0.909090909,0.666666667,0.75,6.599938401,1.714283571,2.999988,0.4000006,0.734694219,0.375000937,0.727272727,0.5,0.545454545,0.28631264,0.909952607,0.777777778,-21.39760758,9.807159725,-89.95991224,43.99975869,20.81592535,-56.59073565,44.62218649,72.39906799,41.22437831,286.8620938,0.000245491,7.48E-05,1.261624597,0.812209574,53.76993945,1.78E-05,9.00E-07,1,0.998,0.1605,1,0.991,1,0.966,0.996,0.79,0.988,0.99,0.99,0.9135,0,0.892,0.9995,0.0055,0.9975,0.985,1,0.999,0.747,1,1,1,0.997,0.023,0.9905
dvdtmax-vmax-APD50-carest-CaTD90,0.875,0.625,0.75,0.927272727,0.698412698,0.833333333,0.6,0.571428571,0.75,0.909090909,0.666666667,0.75,8.799914201,1.714283571,2.999992,0.4000006,0.642857679,0.333334222,0.75,0.571428571,0.6,0.261131605,0.924170616,0.777777778,-36.15100191,-5.690753278,-89.02442113,40.65817094,-60.17731745,45.56725315,90.70535279,72.39906799,41.22437831,286.8620938,7.48E-05,747.0841354,1.261624597,0.812209574,53.76993945,9.00E-07,29.43244193,1,1,0.2955,1,1,1,0.97,1,0.9605,0.9855,0.994,0.985,0.9225,0,0.912,0.999,0.02,1,0.9865,0.9995,0.997,0.7995,1,1,0.996,0.9975,0.013,0.9915
dvdtmax-vmax-APD50-max_dv-camax,0.8125,0.625,0.75,0.945454545,0.682539683,0.8125,0.6,0.428571429,0.75,0.909090909,0.666666667,0.75,6.599938401,1.714283571,2.999992,0.4000006,0.734694219,0.333334222,0.727272727,0.5,0.6,0.260794369,0.909952607,0.777777778,-32.53080977,-1.481447598,-117.6088015,73.70297108,-21.8804807,44.80162113,-8.391800121,72.39906799,41.22437831,286.8620938,-0.298881594,0.000245491,1.261624597,0.812209574,53.76993945,0.064078571,1.78E-05,1,0.994,0.1015,1,1,1,0.9685,0.9955,0.8925,0.982,0.9895,0.9925,0.8965,0.001,0.8855,0.999,0.0065,0.8745,0.986,1,1,0.776,1,1,1,0.995,0.49,0.984
dvdtmax-vmax-APD50-max_dv-carest,0.8125,0.625,0.75,0.945454545,0.682539683,0.8125,0.6,0.428571429,0.75,0.909090909,0.666666667,0.75,6.599938401,1.714283571,2.999992,0.4000006,0.734694219,0.333334222,0.727272727,0.5,0.6,0.261895563,0.909952607,0.777777778,-32.48629877,-1.753478174,-109.7782878,72.40102766,-21.04939446,44.69161739,-5.881183895,72.39906799,41.22437831,286.8620938,-0.298881594,7.48E-05,1.261624597,0.812209574,53.76993945,0.064078571,9.00E-07,1,0.994,0.1015,1,1,1,0.9625,0.9965,0.8925,0.9815,0.989,0.991,0.901,5.00E-04,0.8855,0.9985,0.0075,0.902,0.9825,1,1,0.774,1,1,1,0.994,0.443,0.985
dvdtmax-vmax-APD50-max_dv-CaTD50,0.8125,0.625,0.75,0.945454545,0.682539683,0.8125,0.6,0.428571429,0.75,0.909090909,0.666666667,0.75,6.599938401,1.714283571,2.999992,0.440000616,0.734694219,0.333334222,0.666666667,0.5,0.6,0.262680767,0.909952607,0.777777778,-30.45292744,1.311516608,-128.1802691,77.90679086,-45.8767072,49.31316838,9.999889558,72.39906799,41.22437831,286.8620938,-0.298881594,314.3122396,1.261624597,0.812209574,53.76993945,0.064078571,14.34918714,1,0.9955,0.081,1,1,1,0.9725,0.997,0.8995,0.9835,0.9885,0.993,0.9025,0.002,0.8875,0.999,0.0085,0.9055,0.989,1,1,0.7685,1,1,1,0.9965,0.437,0.9835
dvdtmax-vmax-APD50-max_dv-CaTD90,0.8125,0.625,0.75,0.945454545,0.682539683,0.8125,0.6,0.428571429,0.75,0.909090909,0.666666667,0.75,6.599938401,1.714283571,2.999992,0.4000006,0.734694219,0.333334222,0.727272727,0.5,0.6,0.260417075,0.914691943,0.777777778,-36.05647774,-4.651826393,-126.5428585,77.6812363,-40.52666606,49.03747074,15.02589079,72.39906799,41.22437831,286.8620938,-0.298881594,747.0841354,1.261624597,0.812209574,53.76993945,0.064078571,29.43244193,1,0.9955,0.1025,1,1,1,0.9735,0.9975,0.899,0.985,0.989,0.9935,0.9035,0.001,0.891,0.999,0.0085,0.9095,0.9905,1,1,0.78,1,1,1,0.9965,0.432,0.983
dvdtmax-vmax-APD90-camax-carest,0.875,0.625,0.75,0.945454545,0.682539683,0.833333333,0.6,0.571428571,0.75,0.909090909,0.666666667,0.75,8.799914201,1.714283571,2.999992,0.4000006,0.642857679,0.333334222,0.75,0.571428571,0.6,0.272731925,0.91943128,0.777777778,-26.80726592,4.976062625,-98.57051804,53.47347854,27.59612719,-44.5456511,32.65515597,72.39906799,41.22437831,363.9871979,0.000245491,7.48E-05,1.261624597,0.812209574,83.19192952,1.78E-05,9.00E-07,1,0.999,0.2085,1,1,1,0.972,0.9975,0.8945,0.9885,0.9935,0.9915,0.9235,0,0.9095,0.9995,0.0055,0.9995,0.987,1,0.999,0.7695,1,1,1,0.9975,0.0185,0.9905
dvdtmax-vmax-camax-carest-CaTD90,0.8125,0.625,0.75,0.927272727,0.682539683,0.833333333,0.6,0.428571429,0.75,0.909090909,0.666666667,0.75,6.599938401,1.714283571,2.999992,0.440000616,0.734694219,0.333334222,0.666666667,0.5,0.6,0.278074465,0.91943128,0.777777778,-25.3227372,6.062276337,-90.33540135,43.74220103,-41.96209781,44.92480538,23.20495642,72.39906799,41.22437831,0.000245491,7.48E-05,747.0841354,1.261624597,0.812209574,1.78E-05,9.00E-07,29.43244193,1,0.999,0.187,1,1,1,0.967,0.998,0.859,0.987,0.991,0.9885,0.9175,0,0.895,0.9995,0.0095,1,0.9855,1,0.9985,0.76,1,1,1,0.997,0.019,0.9905
dvdtmax-vmax-carest-CaTD50-CaTD90,0.875,0.625,0.75,0.945454545,0.698412698,0.822916667,0.6,0.571428571,0.75,0.909090909,0.666666667,0.75,8.799914201,1.92856725,2.999992,0.4000006,0.642857679,0.333334222,0.75,0.571428571,0.6,0.254719353,0.924170616,0.777777778,-62.69817716,-33.07477146,-69.06467183,41.50192913,29.91139878,-51.93192711,136.3745979,72.39906799,41.22437831,7.48E-05,314.3122396,747.0841354,1.261624597,0.812209574,9.00E-07,14.34918714,29.43244193,1,0.9995,0.403,1,1,1,0.965,1,0.9115,0.983,0.994,0.985,0.9295,0,0.9155,0.999,0.011,1,0.985,1,0.9895,0.857,1,1,0.9935,0.9955,0.009,0.9905
dvdtmax-vmax-max_dv-camax-carest,0.8125,0.625,0.75,0.945454545,0.666666667,0.822916667,0.6,0.428571429,0.75,0.909090909,0.666666667,0.75,6.599938401,1.714283571,2.999992,0.440000616,0.734694219,0.333334222,0.666666667,0.5,0.6,0.261352474,0.914691943,0.777777778,-25.52531975,5.782115781,-105.04958,56.87245107,20.65889873,-41.81545592,29.96992212,72.39906799,41.22437831,-0.298881594,0.000245491,7.48E-05,1.261624597,0.812209574,0.064078571,1.78E-05,9.00E-07,1,0.997,0.1185,1,1,1,0.9715,0.9955,0.8905,0.9865,0.9915,0.992,0.903,5.00E-04,0.888,0.9995,0.0055,0.8725,0.987,1,1,0.7465,1,1,1,0.998,0.4855,0.9865
dvdtmax-vmax-max_dv-camax-CaTD50,0.8125,0.625,0.75,0.945454545,0.682539683,0.8125,0.6,0.428571429,0.75,0.909090909,0.666666667,0.75,6.599938401,1.714283571,2.999992,0.440000616,0.734694219,0.333334222,0.666666667,0.5,0.6,0.259943885,0.914691943,0.777777778,-33.98657374,-3.226202534,-106.9431866,68.93839941,36.76550974,-13.22323524,-6.521285606,72.39906799,41.22437831,-0.298881594,0.000245491,314.3122396,1.261624597,0.812209574,0.064078571,1.78E-05,14.34918714,1,0.9955,0.1195,1,1,1,0.9625,0.995,0.883,0.982,0.99,0.9915,0.8985,0,0.8915,0.9995,0.005,0.8975,0.981,1,1,0.7815,1,1,1,0.9945,0.4615,0.9845
dvdtmax-vmax-max_dv-camax-CaTD90,0.8125,0.625,0.75,0.945454545,0.666666667,0.8125,0.6,0.428571429,0.75,0.909090909,0.666666667,0.75,6.599938401,1.714283571,2.999992,0.440000616,0.734694219,0.333334222,0.666666667,0.5,0.6,0.262364813,0.909952607,0.777777778,-30.2838262,0.761728477,-105.4014545,67.74161091,33.99115328,-12.73497556,-9.738692151,72.39906799,41.22437831,-0.298881594,0.000245491,747.0841354,1.261624597,0.812209574,0.064078571,1.78E-05,29.43244193,1,0.9965,0.1055,1,1,1,0.96,0.9955,0.8785,0.983,0.9895,0.99,0.905,0,0.8905,0.999,0.005,0.9105,0.9785,1,1,0.7795,1,1,1,0.9945,0.426,0.985
dvdtmax-vmax-max_dv-carest-CaTD50,0.8125,0.625,0.75,0.927272727,0.666666667,0.8125,0.6,0.428571429,0.75,0.909090909,0.666666667,0.75,6.599938401,1.714283571,2.999992,0.440000616,0.734694219,0.333334222,0.666666667,0.5,0.6,0.281697206,0.909952607,0.777777778,-29.94979883,0.865457697,-88.93615488,60.57584294,24.20291243,-1.879222268,1.241773719,72.39906799,41.22437831,-0.298881594,7.48E-05,314.3122396,1.261624597,0.812209574,0.064078571,9.00E-07,14.34918714,1,0.9985,0.12,1,1,1,0.951,0.9975,0.8735,0.984,0.992,0.9855,0.9235,0,0.8955,0.998,0.006,0.9685,0.9725,1,0.9995,0.785,1,1,1,0.9925,0.026,0.991
dvdtmax-vmax-max_dv-carest-CaTD90,0.875,0.625,0.75,0.927272727,0.682539683,0.8125,0.6,0.428571429,0.75,0.909090909,0.666666667,0.75,8.799914201,1.714283571,2.999992,0.4000006,0.734694219,0.333334222,0.75,0.5,0.6,0.277074254,0.914691943,0.777777778,-31.22943819,-0.221314026,-81.96638792,53.85186175,13.3149866,6.392320234,15.64038223,72.39906799,41.22437831,-0.298881594,7.48E-05,747.0841354,1.261624597,0.812209574,0.064078571,9.00E-07,29.43244193,1,0.9995,0.162,1,1,1,0.9535,0.9995,0.8675,0.985,0.994,0.982,0.9325,0,0.9025,0.9975,0.006,0.9995,0.973,1,0.9995,0.795,1,1,1,0.9935,0.0055,0.991
dvdtmax-vmax-max_dv-CaTD50-CaTD90,0.875,0.625,0.75,0.945454545,0.698412698,0.8125,0.6,0.428571429,0.75,0.909090909,0.666666667,0.75,8.799914201,1.714283571,2.999992,0.4000006,0.642857679,0.333334222,0.75,0.545454545,0.6,0.262430035,0.914691943,0.777777778,-57.05433174,-27.38208513,-98.76658132,67.31331139,36.97759887,-42.97341971,74.13759212,72.39906799,41.22437831,-0.298881594,314.3122396,747.0841354,1.261624597,0.812209574,0.064078571,14.34918714,29.43244193,1,0.997,0.2305,1,1,1,0.965,0.9975,0.8975,0.984,0.992,0.994,0.9245,0,0.9065,0.999,0.006,0.954,0.9875,1,1,0.8145,1,1,1,0.995,0.1615,0.986
dvdtmax-vmax-vrest-max_dv-camax,0.8125,0.625,0.75,0.945454545,0.698412698,0.833333333,0.6,0.571428571,0.75,0.909090909,0.666666667,0.75,6.599938401,1.714283571,2.999992,0.4000006,0.642857679,0.333334222,0.727272727,0.571428571,0.6,0.261289593,0.91943128,0.777777778,-25.82180777,5.182987391,-94.39769834,53.07070355,15.51620564,29.78336338,-14.09610047,72.39906799,41.22437831,-88.02084897,-0.298881594,0.000245491,1.261624597,0.812209574,0.009432504,0.064078571,1.78E-05,1,0.993,0.1625,1,1,1,0.996,0.999,0.9505,0.99,0.9985,0.9965,0.922,0.005,0.925,0.999,0.024,0.939,0.9985,1,1,0.8025,1,1,1,1,0.173,0.988
dvdtmax-vmax-vrest-max_dv-carest,0.875,0.625,0.75,0.945454545,0.698412698,0.854166667,0.6,0.571428571,0.75,0.909090909,0.666666667,0.75,8.799914201,1.714283571,2.999992,0.4000006,0.642857679,0.333334222,0.75,0.571428571,0.6,0.262358559,0.91943128,0.777777778,-26.70524615,4.501413574,-84.71793295,52.06767646,16.9321136,32.27613905,-10.96969791,72.39906799,41.22437831,-88.02084897,-0.298881594,7.48E-05,1.261624597,0.812209574,0.009432504,0.064078571,9.00E-07,1,0.9925,0.178,1,1,1,0.993,0.9995,0.95,0.9885,0.9985,0.9965,0.9275,0.004,0.925,0.999,0.025,0.9435,0.9985,1,1,0.806,1,1,1,0.9995,0.127,0.9875
dvdtmax-vrest-APD50-camax-carest,0.8125,0.6875,0.8125,0.927272727,0.746031746,0.895833333,0.6,0.571428571,0.75,0.909090909,0.666666667,0.833333333,6.599938401,2.142853714,4.499979,0.440000616,0.642857545,0.30000084,0.666666667,0.571428571,0.666666667,0.2229026,0.933649289,0.777777778,-12.82334889,15.22834297,-4.709009957,32.66332705,41.36687514,2.123552555,-10.50068078,72.39906799,-88.02084897,286.8620938,0.000245491,7.48E-05,1.261624597,0.009432504,53.76993945,1.78E-05,9.00E-07,1,0.9975,0.4925,1,1,0.998,0.9945,1,0.9965,0.986,1,0.9995,0.891,0.0075,0.985,0.992,0.0605,0.8875,0.9975,1,1,0.7685,1,1,1,0.9955,0.418,0.9845
dvdtmax-vrest-APD50-camax-CaTD50,0.8125,0.6875,0.8125,0.945454545,0.746031746,0.895833333,0.6,0.428571429,0.75,0.818181818,0.666666667,0.833333333,5.49997525,2.142853714,4.499979,0.440000616,0.642857545,0.30000084,0.666666667,0.545454545,0.666666667,0.219848535,0.938388626,0.777777778,-14.21952405,13.91314354,-1.871151139,29.33821547,59.11078671,-19.06278151,-10.95725413,72.39906799,-88.02084897,286.8620938,0.000245491,314.3122396,1.261624597,0.009432504,53.76993945,1.78E-05,14.34918714,1,0.9945,0.49,1,1,0.999,0.996,1,0.9955,0.9875,1,0.999,0.879,0.004,0.981,0.994,0.0585,0.778,0.999,1,1,0.766,1,1,1,0.999,0.604,0.9835
dvdtmax-vrest-APD50-carest-CaTD50,0.8125,0.6875,0.8125,0.927272727,0.73015873,0.895833333,0.6,0.571428571,0.75,0.909090909,0.666666667,0.75,6.599938401,2.142853714,3.999988,0.440000616,0.642857545,0.30000084,0.666666667,0.571428571,0.666666667,0.224509029,0.933649289,0.777777778,-17.59314078,10.88040646,9.629364622,32.78618233,70.72960146,-18.54173935,-14.29379275,72.39906799,-88.02084897,286.8620938,7.48E-05,314.3122396,1.261624597,0.009432504,53.76993945,9.00E-07,14.34918714,1,0.995,0.486,1,1,0.999,0.9945,1,0.993,0.9875,1,0.9985,0.903,0.003,0.98,0.9935,0.054,0.896,0.999,1,1,0.792,1,1,1,0.9985,0.376,0.985
dvdtmax-vrest-APD50-carest-CaTD90,0.8125,0.6875,0.8125,0.945454545,0.746031746,0.895833333,0.6,0.571428571,0.75,0.909090909,0.666666667,0.833333333,6.599938401,2.142853714,4.499979,0.440000616,0.551020985,0.30000084,0.666666667,0.615384615,0.666666667,0.243799462,0.933649289,0.777777778,-15.67368183,14.95639071,-13.65992413,29.94520056,2.804517569,12.12542531,36.69663352,72.39906799,-88.02084897,286.8620938,7.48E-05,747.0841354,1.261624597,0.009432504,53.76993945,9.00E-07,29.43244193,1,0.9975,0.448,1,1,0.999,0.9965,1,0.9995,0.99,1,0.9985,0.913,0.0085,0.9865,0.995,0.0685,0.9715,0.9985,1,1,0.754,1,1,1,0.999,0.0265,0.9875
dvdtmax-vrest-APD50-CaTD50-CaTD90,0.875,0.6875,0.8125,0.945454545,0.746031746,0.875,0.6,0.571428571,0.75,0.909090909,0.666666667,0.833333333,8.799914201,2.142853714,4.499979,0.4000006,0.551020985,0.30000084,0.75,0.615384615,0.666666667,0.242574931,0.928909953,0.777777778,-24.73711385,4.811018951,10.45234841,29.48775492,42.73514605,-26.55398688,50.04192353,72.39906799,-88.02084897,286.8620938,314.3122396,747.0841354,1.261624597,0.009432504,53.76993945,14.34918714,29.43244193,1,0.996,0.4155,1,1,1,0.995,1,0.9945,0.99,1,0.9975,0.929,0.0025,0.98,0.995,0.0575,0.97,0.999,1,1,0.83,1,1,1,1,0.019,0.988
dvdtmax-vrest-APD90-camax-carest,0.8125,0.6875,0.8125,0.927272727,0.761904762,0.916666667,0.6,0.428571429,0.75,0.818181818,0.666666667,0.833333333,4.3999813,2.142853714,4.499979,0.440000616,0.642857545,0.30000084,0.666666667,0.545454545,0.666666667,0.210557301,0.938388626,0.777777778,-12.94841593,15.17362932,0.965032821,32.49629345,46.60531573,2.52439321,-10.8772455,72.39906799,-88.02084897,363.9871979,0.000245491,7.48E-05,1.261624597,0.009432504,83.19192952,1.78E-05,9.00E-07,1,0.9965,0.651,0.9965,1,0.9965,0.9955,1,1,0.9835,1,0.9995,0.8575,0.0095,0.9945,0.9825,0.101,0.663,0.9905,1,1,0.729,1,1,1,0.9895,0.697,0.9805
dvdtmax-vrest-APD90-camax-CaTD50,0.8125,0.6875,0.8125,0.927272727,0.761904762,0.916666667,0.6,0.428571429,0.75,0.818181818,0.777777778,0.833333333,4.3999813,2.142853714,4.499979,0.440000616,0.642857545,0.30000084,0.666666667,0.545454545,0.666666667,0.210683296,0.938388626,0.777777778,-11.16361655,17.10372283,-10.21728817,31.18998734,35.30239736,-7.095655755,4.275103474,72.39906799,-88.02084897,363.9871979,0.000245491,314.3122396,1.261624597,0.009432504,83.19192952,1.78E-05,14.34918714,1,0.9975,0.6515,0.9985,1,0.9955,0.9965,1,1,0.9835,1,0.9995,0.8415,0.0125,0.993,0.9845,0.093,0.6275,0.9895,1,1,0.714,1,1,1,0.9885,0.7675,0.9785
dvdtmax-vrest-APD90-carest-CaTD50,0.8125,0.6875,0.8125,0.927272727,0.761904762,0.916666667,0.6,0.428571429,0.75,0.818181818,0.666666667,0.833333333,5.49997525,2.142853714,4.499979,0.440000616,0.642857545,0.30000084,0.666666667,0.545454545,0.666666667,0.211596738,0.938388626,0.805555556,-11.64154917,16.43661319,-6.735316486,31.9949258,36.25097033,-5.793927373,4.389327978,72.39906799,-88.02084897,363.9871979,7.48E-05,314.3122396,1.261624597,0.009432504,83.19192952,9.00E-07,14.34918714,1,0.9975,0.644,0.998,1,0.996,0.996,1,1,0.984,1,1,0.8525,0.0125,0.9935,0.986,0.093,0.652,0.989,1,1,0.7205,1,1,1,0.9885,0.7175,0.9795
dvdtmax-vrest-APD90-carest-CaTD90,0.875,0.6875,0.75,0.945454545,0.73015873,0.875,0.6,0.571428571,0.75,0.909090909,0.666666667,0.75,8.799914201,2.142853714,2.999992,0.4000006,0.551020985,0.333334222,0.75,0.615384615,0.6,0.249965639,0.928909953,0.777777778,-17.42529866,14.0456846,-22.84508369,27.72536626,-30.08753371,28.14709522,64.78483532,72.39906799,-88.02084897,363.9871979,7.48E-05,747.0841354,1.261624597,0.009432504,83.19192952,9.00E-07,29.43244193,1,0.998,0.3375,1,1,0.9995,0.995,1,0.9925,0.9905,1,0.998,0.93,0.0075,0.966,0.9955,0.053,1,0.9985,1,0.9985,0.783,1,1,1,0.9995,0.011,0.99
dvdtmax-vrest-APD90-CaTD50-CaTD90,0.8125,0.6875,0.8125,0.945454545,0.761904762,0.895833333,0.6,0.571428571,0.75,0.909090909,0.666666667,0.833333333,6.599938401,2.142853714,4.499979,0.440000616,0.571429,0.30000084,0.666666667,0.6,0.666666667,0.218840929,0.938388626,0.777777778,-17.88786083,11.56696576,2.16933137,31.29068778,34.01734225,-10.54237329,30.64657506,72.39906799,-88.02084897,363.9871979,314.3122396,747.0841354,1.261624597,0.009432504,83.19192952,14.34918714,29.43244193,1,0.995,0.5135,0.9985,1,0.9995,0.9955,1,1,0.9895,1,0.9995,0.902,0.007,0.994,0.989,0.091,0.868,0.997,1,1,0.766,1,1,1,0.998,0.43,0.9835
dvdtmax-vrest-camax-carest-CaTD50,0.8125,0.6875,0.8125,0.927272727,0.746031746,0.916666667,0.6,0.571428571,0.75,0.909090909,0.666666667,0.833333333,6.599938401,2.142853714,4.499979,0.440000616,0.571429,0.30000084,0.666666667,0.6,0.666666667,0.222650732,0.928909953,0.805555556,-7.902977788,12.79058216,-13.97831235,29.11116373,31.56326005,-20.44193278,19.60003681,72.39906799,-88.02084897,0.000245491,7.48E-05,314.3122396,1.261624597,0.009432504,1.78E-05,9.00E-07,14.34918714,1,0.999,0.5995,1,1,0.9865,0.9955,1,0.997,0.9745,1,0.9985,0.8575,0.0145,0.9875,0.987,0.067,0.9015,0.979,0.9995,0.9945,0.7615,1,1,0.9995,0.9565,0.332,0.9695
dvdtmax-vrest-camax-carest-CaTD90,0.8125,0.6875,0.8125,0.927272727,0.746031746,0.895833333,0.6,0.571428571,0.75,0.909090909,0.666666667,0.833333333,8.799914201,2.142853714,4.499979,0.440000616,0.551020985,0.30000084,0.666666667,0.615384615,0.666666667,0.245845049,0.933649289,0.777777778,-19.21443473,12.04293858,-4.075118479,32.88478951,24.94159817,-3.835131757,45.42378791,72.39906799,-88.02084897,0.000245491,7.48E-05,747.0841354,1.261624597,0.009432504,1.78E-05,9.00E-07,29.43244193,1,0.9985,0.4495,1,1,0.9995,0.994,1,0.9985,0.989,1,0.997,0.928,0.004,0.9875,0.995,0.065,0.9985,0.9985,0.9995,0.924,0.7855,1,1,1,0.999,0.005,0.9905
dvdtmax-vrest-carest-CaTD50-CaTD90,0.875,0.6875,0.8125,0.945454545,0.746031746,0.875,0.6,0.571428571,0.75,0.909090909,0.666666667,0.833333333,8.799914201,2.142853714,4.499979,0.4000006,0.551020985,0.30000084,0.75,0.615384615,0.666666667,0.244242295,0.933649289,0.777777778,-21.00866289,9.567295515,-4.319760385,27.5513401,18.10158104,-13.70105512,65.02716454,72.39906799,-88.02084897,7.48E-05,314.3122396,747.0841354,1.261624597,0.009432504,9.00E-07,14.34918714,29.43244193,1,0.9975,0.3775,1,1,1,0.996,1,0.999,0.9915,1,0.9985,0.928,0.0035,0.9815,0.995,0.0675,1,0.9985,1,0.9995,0.798,1,1,1,0.9995,0.016,0.99
dvdtmax-vrest-max_dv-camax-carest,0.8125,0.6875,0.8125,0.927272727,0.793650794,0.9375,0.8,0.428571429,0.75,0.818181818,0.777777778,0.833333333,4.3999813,2.5714215,4.499979,0.244445368,0.714286,0.30000084,0.727272727,0.5,0.666666667,0.225609204,0.933649289,0.777777778,-7.063693392,13.57214938,-7.531431549,25.01845989,28.06218335,-7.237745114,-1.258542896,72.39906799,-88.02084897,-0.298881594,0.000245491,7.48E-05,1.261624597,0.009432504,0.064078571,1.78E-05,9.00E-07,1,0.977,0.7675,0.9765,1,0.9865,0.9995,1,0.997,0.9335,1,0.9995,0.6395,0.0295,0.9835,0.9045,0.0985,0.29,0.9695,1,1,0.6685,1,1,1,0.9435,0.9895,0.937
dvdtmax-vrest-max_dv-camax-CaTD50,0.8125,0.6875,0.8125,0.927272727,0.761904762,0.9375,0.8,0.428571429,0.75,0.818181818,0.777777778,0.833333333,4.3999813,2.5714215,4.499979,0.244445368,0.642857545,0.30000084,0.727272727,0.545454545,0.666666667,0.217738814,0.928909953,0.777777778,-7.379673473,14.56287504,-19.67662894,26.17618549,11.0776637,-0.110667871,11.04854969,72.39906799,-88.02084897,-0.298881594,0.000245491,314.3122396,1.261624597,0.009432504,0.064078571,1.78E-05,14.34918714,1,0.998,0.6945,0.9985,1,0.983,0.9975,1,1,0.964,1,1,0.739,0.018,0.9875,0.978,0.0805,0.445,0.975,1,1,0.687,1,1,1,0.946,0.937,0.963
dvdtmax-vrest-max_dv-carest-CaTD50,0.8125,0.6875,0.8125,0.927272727,0.761904762,0.9375,0.8,0.428571429,0.75,0.818181818,0.777777778,0.833333333,4.3999813,2.5714215,4.499979,0.244445368,0.642857545,0.30000084,0.727272727,0.545454545,0.666666667,0.216636652,0.933649289,0.777777778,-7.524541021,14.91087261,-19.16450313,27.29592083,12.78344068,-1.003490133,10.42160124,72.39906799,-88.02084897,-0.298881594,7.48E-05,314.3122396,1.261624597,0.009432504,0.064078571,9.00E-07,14.34918714,1,0.9965,0.689,0.9975,1,0.9855,0.9975,1,1,0.9695,1,1,0.748,0.024,0.988,0.9745,0.0855,0.455,0.9755,1,1,0.685,1,1,1,0.954,0.9315,0.959
dvdtmax-vrest-max_dv-CaTD50-CaTD90,0.8125,0.6875,0.8125,0.927272727,0.761904762,0.916666667,0.6,0.428571429,0.75,0.818181818,0.666666667,0.833333333,4.3999813,2.142853714,4.499979,0.440000616,0.642857545,0.30000084,0.666666667,0.545454545,0.666666667,0.213266045,0.938388626,0.777777778,-10.92204155,15.27604443,-14.80567736,32.12537646,14.99057478,2.822862994,15.59076354,72.39906799,-88.02084897,-0.298881594,314.3122396,747.0841354,1.261624597,0.009432504,0.064078571,14.34918714,29.43244193,1,0.988,0.555,0.9975,1,0.9975,0.998,1,1,0.985,1,1,0.8475,0.0355,0.991,0.976,0.093,0.6315,0.984,1,1,0.728,1,1,1,0.9965,0.7775,0.959
max_dv-camax-carest-CaTD50-CaTD90,0.8125,0.625,0.75,0.927272727,0.698412698,0.822916667,0.6,0.428571429,0.75,0.909090909,0.666666667,0.75,6.599938401,1.92856725,2.999992,0.4000006,0.642857679,0.333334222,0.727272727,0.545454545,0.6,0.246999003,0.91943128,0.777777778,-31.01672358,-8.187245555,-33.72852904,-14.98980726,57.12940055,-28.41616934,120.9957709,-0.298881594,0.000245491,7.48E-05,314.3122396,747.0841354,0.064078571,1.78E-05,9.00E-07,14.34918714,29.43244193,1,1,0.422,1,1,1,0.943,1,0.9305,0.943,0.9965,0.968,0.8745,0,0.924,0.997,0.0205,0.929,0.9755,0.9895,0.9925,0.943,1,1,0.971,0.973,0.163,0.9835
qNet-APD50-APD90-camax-carest,0.8125,0.625,0.75,0.927272727,0.698412698,0.864583333,0.6,0.571428571,0.75,0.909090909,0.666666667,0.75,6.599938401,1.92856725,2.999992,0.440000616,0.642857679,0.333334222,0.666666667,0.571428571,0.6,0.24257252,0.928909953,0.777777778,-16.54543072,12.53935359,-42.48982223,-71.74555212,67.8347937,23.21590949,-14.22840946,64.09733802,286.8620938,363.9871979,0.000245491,7.48E-05,12.52235177,53.76993945,83.19192952,1.78E-05,9.00E-07,1,0.9985,0.458,1,1,0.9975,0.994,1,0.9615,0.9865,1,0.9975,0.8995,0.003,0.9645,0.9965,0.0335,0.9435,0.9985,0.9995,0.9915,0.804,1,1,1,0.9945,0.1375,0.9865
qNet-APD50-APD90-camax-CaTD50,0.8125,0.625,0.75,0.945454545,0.73015873,0.875,0.6,0.428571429,0.75,0.909090909,0.666666667,0.75,6.599938401,1.92856725,2.999992,0.440000616,0.642857679,0.333334222,0.666666667,0.571428571,0.6,0.232315272,0.928909953,0.777777778,-19.92668865,9.955859053,-39.61280931,-27.04415545,57.57691279,-11.74890227,-18.87816388,64.09733802,286.8620938,363.9871979,0.000245491,314.3122396,12.52235177,53.76993945,83.19192952,1.78E-05,14.34918714,1,0.997,0.442,1,1,0.999,0.996,0.9985,0.9535,0.9895,1,0.9985,0.903,0.003,0.956,0.9995,0.028,0.8845,0.999,1,1,0.7875,1,1,1,0.9995,0.403,0.9875
qNet-APD50-APD90-carest-CaTD50,0.8125,0.625,0.75,0.945454545,0.698412698,0.854166667,0.6,0.571428571,0.75,0.909090909,0.666666667,0.75,6.599938401,1.92856725,2.999992,0.4000006,0.642857679,0.333334222,0.727272727,0.571428571,0.6,0.246442728,0.928909953,0.777777778,-20.34299894,10.20202333,-44.40035749,-40.94180866,63.72947733,-7.615043621,-16.16302723,64.09733802,286.8620938,363.9871979,7.48E-05,314.3122396,12.52235177,53.76993945,83.19192952,9.00E-07,14.34918714,1,0.9975,0.4235,1,1,0.999,0.994,1,0.948,0.9895,1,0.999,0.912,0.003,0.9615,0.9985,0.0255,0.945,0.999,0.9995,1,0.8055,1,0.999,1,0.998,0.111,0.99
qNet-APD50-APD90-carest-CaTD90,0.8125,0.625,0.75,0.945454545,0.73015873,0.895833333,0.6,0.428571429,0.75,0.818181818,0.666666667,0.75,5.49997525,1.92856725,2.999992,0.4000006,0.642857679,0.333334222,0.727272727,0.545454545,0.6,0.220887587,0.933649289,0.777777778,-13.64408847,13.38379787,-28.3109185,-50.47342161,53.39272279,6.308445198,3.210605671,64.09733802,286.8620938,363.9871979,7.48E-05,747.0841354,12.52235177,53.76993945,83.19192952,9.00E-07,29.43244193,1,1,0.56,1,1,0.9955,0.9965,1,0.9675,0.984,1,0.997,0.8425,5.00E-04,0.951,0.998,0.033,0.6915,0.998,1,1,0.767,1,1,1,0.9955,0.7285,0.98
qNet-APD50-APD90-CaTD50-CaTD90,0.875,0.6875,0.75,0.945454545,0.714285714,0.854166667,0.6,0.571428571,0.75,0.909090909,0.666666667,0.75,8.799914201,2.142853714,2.999992,0.4000006,0.551020985,0.333334222,0.75,0.615384615,0.6,0.250940656,0.924170616,0.777777778,-24.39691425,7.697433703,-44.40350459,-45.26240959,57.4954421,-22.84845823,23.18705144,64.09733802,286.8620938,363.9871979,314.3122396,747.0841354,12.52235177,53.76993945,83.19192952,14.34918714,29.43244193,1,0.997,0.389,1,1,1,0.996,1,0.95,0.992,1,0.999,0.93,0.003,0.957,0.9995,0.027,0.997,0.999,0.9995,0.9865,0.8185,1,1,1,1,0.0045,0.99
qNet-APD50-camax-carest-CaTD50,0.8125,0.625,0.75,0.945454545,0.698412698,0.833333333,0.6,0.428571429,0.75,0.909090909,0.666666667,0.75,6.599938401,1.714283571,2.999992,0.4000006,0.734694219,0.333334222,0.727272727,0.5,0.6,0.248897822,0.91943128,0.777777778,-20.99367496,10.41648803,-35.64500103,37.69206634,-17.72126508,2.982344006,-22.93908631,64.09733802,286.8620938,0.000245491,7.48E-05,314.3122396,12.52235177,53.76993945,1.78E-05,9.00E-07,14.34918714,1,0.997,0.307,1,0.9995,0.9985,0.981,0.996,0.8885,0.9875,0.9965,0.9965,0.9055,0.002,0.9235,1,0.004,0.9045,0.988,1,1,0.8255,1,1,1,0.9975,0.3425,0.9875
qNet-APD50-carest-CaTD50-CaTD90,0.875,0.625,0.75,0.945454545,0.698412698,0.833333333,0.6,0.571428571,0.75,0.909090909,0.666666667,0.75,8.799914201,1.92856725,2.999992,0.4000006,0.642857679,0.333334222,0.75,0.571428571,0.6,0.261385481,0.91943128,0.777777778,-27.97288419,5.893004757,-34.74547659,-17.6031102,21.31915256,-28.25191412,67.62800051,64.09733802,286.8620938,7.48E-05,314.3122396,747.0841354,12.52235177,53.76993945,9.00E-07,14.34918714,29.43244193,1,0.997,0.236,1,1,1,0.986,1,0.923,0.992,0.9965,0.9965,0.9405,0.002,0.9335,1,0.013,1,0.9925,1,0.99,0.861,1,1,1,1,0.003,0.992
qNet-APD50-max_dv-camax-carest,0.875,0.625,0.75,0.945454545,0.698412698,0.84375,0.6,0.428571429,0.75,0.909090909,0.666666667,0.75,6.599938401,1.714283571,2.999992,0.4000006,0.642857679,0.333334222,0.75,0.545454545,0.6,0.25487185,0.91943128,0.777777778,-15.94380487,13.67793045,-32.07308897,4.665165673,-3.473862537,13.70467296,-5.416217116,64.09733802,286.8620938,-0.298881594,0.000245491,7.48E-05,12.52235177,53.76993945,0.064078571,1.78E-05,9.00E-07,1,1,0.3285,1,1,0.997,0.976,1,0.883,0.9855,0.9975,0.9935,0.896,5.00E-04,0.922,1,0.004,0.937,0.9835,1,1,0.837,1,1,1,0.9925,0.1975,0.9855
qNet-APD50-max_dv-camax-CaTD50,0.875,0.625,0.75,0.945454545,0.698412698,0.833333333,0.6,0.428571429,0.75,0.909090909,0.666666667,0.75,6.599938401,1.92856725,2.999992,0.4000006,0.642857679,0.333334222,0.75,0.545454545,0.6,0.248017103,0.91943128,0.777777778,-21.10487518,10.31889929,-37.31249887,33.46005522,1.930757297,-13.79754557,-22.48955668,64.09733802,286.8620938,-0.298881594,0.000245491,314.3122396,12.52235177,53.76993945,0.064078571,1.78E-05,14.34918714,1,0.997,0.3045,1,0.9995,0.9985,0.9795,0.996,0.8885,0.988,0.996,0.997,0.9045,0.002,0.924,1,0.0045,0.9045,0.9885,1,1,0.829,1,1,1,0.9975,0.355,0.9875
qNet-APD50-max_dv-camax-CaTD90,0.8125,0.625,0.75,0.945454545,0.714285714,0.833333333,0.6,0.571428571,0.75,0.909090909,0.666666667,0.75,8.799914201,1.714283571,2.999992,0.440000616,0.642857679,0.333334222,0.666666667,0.571428571,0.6,0.261165396,0.924170616,0.777777778,-28.62118694,6.311942009,-39.7286339,-127.3668332,21.30553864,77.24664761,102.9882509,64.09733802,286.8620938,-0.298881594,0.000245491,747.0841354,12.52235177,53.76993945,0.064078571,1.78E-05,29.43244193,1,0.9995,0.3,1,1,0.9995,0.9925,1,0.956,0.988,0.9995,0.9955,0.9375,0.002,0.9375,1,0.03,1,0.9975,0.999,0.928,0.8145,1,1,0.998,1,0.003,0.9925
qNet-APD50-max_dv-carest-CaTD50,0.8125,0.625,0.75,0.945454545,0.698412698,0.833333333,0.6,0.428571429,0.75,0.909090909,0.666666667,0.75,6.599938401,1.714283571,2.999992,0.4000006,0.734694219,0.333334222,0.727272727,0.5,0.6,0.255943413,0.91943128,0.777777778,-18.91329187,12.13380554,-38.05378892,15.85866166,3.507659113,-4.849096256,-14.24875314,64.09733802,286.8620938,-0.298881594,7.48E-05,314.3122396,12.52235177,53.76993945,0.064078571,9.00E-07,14.34918714,1,0.9985,0.2955,1,0.9995,0.9985,0.98,0.998,0.89,0.987,0.9965,0.996,0.906,0.002,0.925,1,0.005,0.932,0.9885,1,1,0.8305,1,1,1,0.996,0.204,0.9865
qNet-APD50-max_dv-carest-CaTD90,0.875,0.625,0.75,0.945454545,0.698412698,0.854166667,0.6,0.428571429,0.75,0.909090909,0.666666667,0.75,8.799914201,1.714283571,2.999992,0.4000006,0.642857679,0.333334222,0.75,0.545454545,0.6,0.255563687,0.91943128,0.777777778,-15.66014086,13.76865604,-21.36874761,5.440350324,-11.36143263,15.28469223,16.8314751,64.09733802,286.8620938,-0.298881594,7.48E-05,747.0841354,12.52235177,53.76993945,0.064078571,9.00E-07,29.43244193,1,1,0.346,1,1,0.9965,0.9765,1,0.9015,0.9855,0.9975,0.99,0.905,0,0.9205,1,0.0075,0.964,0.983,1,1,0.817,1,1,1,0.9985,0.1365,0.987
qNet-APD50-max_dv-CaTD50-CaTD90,0.875,0.625,0.75,0.945454545,0.698412698,0.833333333,0.6,0.571428571,0.75,0.909090909,0.666666667,0.75,8.799914201,1.714283571,2.999992,0.4000006,0.642857679,0.333334222,0.75,0.571428571,0.6,0.263836968,0.91943128,0.777777778,-26.72518962,6.568462242,-42.63714505,4.485857768,8.806045128,-28.93965357,30.04643652,64.09733802,286.8620938,-0.298881594,314.3122396,747.0841354,12.52235177,53.76993945,0.064078571,14.34918714,29.43244193,1,0.997,0.282,1,1,1,0.985,0.9975,0.896,0.991,0.9965,0.997,0.9235,0.003,0.925,1,0.007,0.9685,0.993,1,1,0.8415,1,1,1,1,0.018,0.989
qNet-APD90-camax-carest-CaTD50,0.8125,0.625,0.75,0.945454545,0.714285714,0.854166667,0.6,0.428571429,0.75,0.909090909,0.666666667,0.75,6.599938401,1.92856725,2.999992,0.4000006,0.642857679,0.333334222,0.727272727,0.545454545,0.6,0.242228058,0.924170616,0.777777778,-21.91379526,8.946136106,-40.67686492,39.49678794,-16.73888401,-0.149013716,-24.70307474,64.09733802,363.9871979,0.000245491,7.48E-05,314.3122396,12.52235177,83.19192952,1.78E-05,9.00E-07,14.34918714,1,0.997,0.3915,1,0.9995,0.9995,0.993,0.9975,0.933,0.9895,0.999,0.997,0.9065,0.003,0.942,0.9995,0.014,0.9165,0.997,1,1,0.808,1,1,1,0.9995,0.292,0.988
qNet-APD90-camax-carest-CaTD90,0.8125,0.625,0.75,0.945454545,0.698412698,0.854166667,0.6,0.428571429,0.75,0.909090909,0.666666667,0.75,6.599938401,1.92856725,2.999992,0.4000006,0.734694219,0.333334222,0.727272727,0.5,0.6,0.242919389,0.924170616,0.777777778,-16.07800576,13.45721249,-29.10001438,-5.465320348,13.09764584,-0.160123277,8.255800892,64.09733802,363.9871979,0.000245491,7.48E-05,747.0841354,12.52235177,83.19192952,1.78E-05,9.00E-07,29.43244193,1,1,0.335,1,1,0.9975,0.978,1,0.896,0.985,0.998,0.993,0.8865,0,0.921,1,0.007,0.886,0.985,1,1,0.8225,1,1,1,0.9935,0.442,0.9845
qNet-APD90-camax-CaTD50-CaTD90,0.875,0.625,0.75,0.945454545,0.698412698,0.833333333,0.6,0.571428571,0.75,0.909090909,0.666666667,0.75,8.799914201,1.92856725,2.999992,0.4000006,0.642857679,0.333334222,0.75,0.571428571,0.6,0.255503162,0.924170616,0.777777778,-31.2315085,1.391181214,-44.02988404,32.19629462,-8.835905817,-37.57027814,30.81815919,64.09733802,363.9871979,0.000245491,314.3122396,747.0841354,12.52235177,83.19192952,1.78E-05,14.34918714,29.43244193,1,0.997,0.3695,1,1,1,0.9915,0.9975,0.914,0.9905,0.998,0.998,0.925,0.0025,0.9415,1,0.01,0.9905,0.9965,0.9995,0.999,0.8355,1,0.999,1,1,0.0085,0.9895
qNet-APD90-carest-CaTD50-CaTD90,0.875,0.625,0.75,0.945454545,0.698412698,0.833333333,0.6,0.571428571,0.75,0.909090909,0.666666667,0.75,8.799914201,1.92856725,2.999992,0.4000006,0.642857679,0.333334222,0.75,0.571428571,0.6,0.252894553,0.924170616,0.777777778,-45.01154025,-11.94171982,-41.83701389,20.07435341,6.157053219,-55.9646678,82.42040131,64.09733802,363.9871979,7.48E-05,314.3122396,747.0841354,12.52235177,83.19192952,9.00E-07,14.34918714,29.43244193,1,0.997,0.395,1,1,1,0.991,0.9985,0.9235,0.9905,0.996,0.9975,0.936,0.002,0.9395,1,0.012,1,0.9955,0.9995,0.978,0.8485,1,1,0.9995,1,0.003,0.991
qNet-camax-carest-CaTD50-CaTD90,0.875,0.625,0.75,0.945454545,0.698412698,0.833333333,0.6,0.571428571,0.75,0.909090909,0.666666667,0.75,8.799914201,1.714283571,2.999992,0.4000006,0.642857679,0.333334222,0.75,0.571428571,0.6,0.257768816,0.91943128,0.777777778,-37.031227,-3.328153188,-35.35715789,0.76271322,15.44225735,-41.30506367,76.81446086,64.09733802,0.000245491,7.48E-05,314.3122396,747.0841354,12.52235177,1.78E-05,9.00E-07,14.34918714,29.43244193,1,0.997,0.33,1,1,1,0.985,0.9995,0.913,0.991,0.9955,0.9965,0.9405,0.0015,0.9315,1,0.011,1,0.9925,1,0.991,0.837,1,1,0.9995,1,0.0045,0.992
qNet-dvdtmax-APD50-APD90-camax,0.8125,0.625,0.75,0.927272727,0.714285714,0.875,0.6,0.571428571,0.75,0.909090909,0.666666667,0.75,6.599938401,1.92856725,2.999992,0.440000616,0.642857679,0.333334222,0.666666667,0.571428571,0.6,0.246757291,0.924170616,0.777777778,-14.6083919,14.97638522,-43.26888766,-13.44591128,-64.72538351,55.38380523,4.190154721,64.09733802,72.39906799,286.8620938,363.9871979,0.000245491,12.52235177,1.261624597,53.76993945,83.19192952,1.78E-05,1,0.9985,0.4185,1,1,0.9975,0.997,1,0.958,0.9875,1,0.9985,0.901,0.0055,0.9585,0.9985,0.029,0.942,0.998,0.9995,1,0.7965,1,1,1,0.9955,0.1205,0.988
qNet-dvdtmax-APD50-APD90-carest,0.8125,0.625,0.75,0.945454545,0.714285714,0.875,0.6,0.571428571,0.75,0.909090909,0.666666667,0.75,6.599938401,1.92856725,2.999992,0.440000616,0.642857679,0.333334222,0.666666667,0.571428571,0.6,0.241440716,0.924170616,0.777777778,-14.15365777,15.29456913,-42.26887309,-15.13124382,-62.98898231,53.77647118,3.244455189,64.09733802,72.39906799,286.8620938,363.9871979,7.48E-05,12.52235177,1.261624597,53.76993945,83.19192952,9.00E-07,1,0.9985,0.42,1,1,0.9975,0.997,1,0.963,0.987,1,0.9985,0.8975,0.006,0.9565,0.9985,0.03,0.9345,0.998,1,1,0.7925,1,1,1,0.9955,0.214,0.987
qNet-dvdtmax-APD50-APD90-CaTD50,0.8125,0.625,0.75,0.945454545,0.714285714,0.875,0.6,0.571428571,0.75,0.909090909,0.666666667,0.75,6.599938401,1.92856725,2.999992,0.440000616,0.642857679,0.333334222,0.666666667,0.571428571,0.6,0.246222532,0.928909953,0.777777778,-16.02800695,13.87165357,-42.19623235,-8.83451998,-54.65629131,56.612955,-5.3556869,64.09733802,72.39906799,286.8620938,363.9871979,314.3122396,12.52235177,1.261624597,53.76993945,83.19192952,14.34918714,1,0.9985,0.4155,1,1,0.9985,0.9965,1,0.9575,0.9895,1,0.9985,0.9095,0.004,0.9585,0.9985,0.0285,0.9415,0.9985,0.9995,1,0.7905,1,1,1,0.9965,0.1325,0.9895
qNet-dvdtmax-APD50-APD90-CaTD90,0.8125,0.625,0.75,0.927272727,0.73015873,0.875,0.6,0.571428571,0.75,0.909090909,0.666666667,0.75,6.599938401,1.92856725,2.999992,0.4000006,0.642857679,0.333334222,0.727272727,0.571428571,0.6,0.237035702,0.924170616,0.777777778,-13.65237703,14.96897381,-43.12821509,-14.97817187,-62.33550594,57.41285391,-4.999289663,64.09733802,72.39906799,286.8620938,363.9871979,747.0841354,12.52235177,1.261624597,53.76993945,83.19192952,29.43244193,1,0.9985,0.431,1,1,0.998,0.9975,1,0.961,0.9865,1,0.999,0.89,0.007,0.9605,0.9985,0.0305,0.909,0.9975,1,1,0.797,1,1,1,0.995,0.2975,0.9825
qNet-dvdtmax-APD50-camax-carest,0.8125,0.625,0.75,0.945454545,0.698412698,0.833333333,0.6,0.428571429,0.75,0.909090909,0.666666667,0.75,6.599938401,1.714283571,2.999992,0.4000006,0.734694219,0.333334222,0.727272727,0.5,0.6,0.251571269,0.914691943,0.777777778,-14.35606115,16.10048065,-38.7279223,-17.01821296,-9.017763277,-2.121081679,5.616557942,64.09733802,72.39906799,286.8620938,0.000245491,7.48E-05,12.52235177,1.261624597,53.76993945,1.78E-05,9.00E-07,1,0.999,0.312,1,1,0.9975,0.9815,1,0.887,0.9845,0.9955,0.997,0.889,0.0025,0.9245,1,0.0035,0.921,0.992,1,1,0.8315,1,1,1,0.993,0.2845,0.986
qNet-dvdtmax-APD50-carest-CaTD50,0.875,0.625,0.75,0.945454545,0.698412698,0.833333333,0.6,0.428571429,0.75,0.909090909,0.666666667,0.75,8.799914201,1.714283571,2.999992,0.4000006,0.642857679,0.333334222,0.75,0.545454545,0.6,0.265629668,0.914691943,0.777777778,-16.45561169,15.34794254,-42.23072749,-12.66520842,-1.071378149,0.302030028,-5.593067674,64.09733802,72.39906799,286.8620938,7.48E-05,314.3122396,12.52235177,1.261624597,53.76993945,9.00E-07,14.34918714,1,0.9985,0.288,1,1,0.998,0.98,0.9995,0.878,0.9875,0.995,0.9975,0.914,0.003,0.924,1,0.0025,0.969,0.9895,1,1,0.8395,1,1,0.999,0.995,0.017,0.988
qNet-dvdtmax-APD50-carest-CaTD90,0.875,0.625,0.75,0.945454545,0.698412698,0.833333333,0.6,0.571428571,0.75,0.909090909,0.666666667,0.75,8.799914201,1.92856725,2.999992,0.4000006,0.642857679,0.333334222,0.75,0.571428571,0.6,0.259653846,0.91943128,0.777777778,-17.43033453,16.28519407,-37.49177011,-27.01509156,-60.2634286,31.63696629,49.89680688,64.09733802,72.39906799,286.8620938,7.48E-05,747.0841354,12.52235177,1.261624597,53.76993945,9.00E-07,29.43244193,1,0.9985,0.259,1,1,0.9995,0.9865,1,0.959,0.9915,0.9945,0.9975,0.9295,0.005,0.9375,1,0.021,1,0.9945,0.9995,0.9975,0.8105,1,1,0.9995,1,0.0085,0.992
qNet-dvdtmax-APD50-max_dv-camax,0.875,0.625,0.75,0.945454545,0.682539683,0.833333333,0.6,0.428571429,0.75,0.909090909,0.666666667,0.75,8.799914201,1.714283571,2.999992,0.4000006,0.642857679,0.333334222,0.75,0.545454545,0.6,0.264497942,0.914691943,0.777777778,-15.5183077,16.08545093,-41.66507404,-14.87880043,-7.160275275,-2.629344851,5.161781324,64.09733802,72.39906799,286.8620938,-0.298881594,0.000245491,12.52235177,1.261624597,53.76993945,0.064078571,1.78E-05,1,0.999,0.2955,1,1,0.999,0.979,1,0.8735,0.986,0.995,0.9975,0.912,0.0025,0.924,1,0.0025,0.9895,0.9885,1,0.9995,0.8445,1,1,0.999,0.994,0.009,0.988
qNet-dvdtmax-APD50-max_dv-carest,0.875,0.625,0.75,0.945454545,0.682539683,0.833333333,0.6,0.428571429,0.75,0.909090909,0.666666667,0.75,8.799914201,1.714283571,2.999992,0.4000006,0.642857679,0.333334222,0.75,0.545454545,0.6,0.26411991,0.914691943,0.777777778,-15.10833579,16.38525799,-39.93120952,-16.11736914,-4.491559397,-4.143447895,4.192733745,64.09733802,72.39906799,286.8620938,-0.298881594,7.48E-05,12.52235177,1.261624597,53.76993945,0.064078571,9.00E-07,1,0.9995,0.302,1,1,0.9985,0.979,1,0.8735,0.986,0.9955,0.997,0.911,0.0025,0.9245,1,0.0025,0.988,0.9895,1,0.9995,0.84,1,1,0.999,0.994,0.015,0.987
qNet-dvdtmax-APD50-max_dv-CaTD50,0.875,0.625,0.75,0.945454545,0.682539683,0.833333333,0.6,0.428571429,0.75,0.909090909,0.666666667,0.75,8.799914201,1.714283571,2.999992,0.4000006,0.642857679,0.333334222,0.75,0.545454545,0.6,0.265629668,0.914691943,0.777777778,-16.61040135,15.2670991,-42.42653145,-12.37808801,-0.575142934,0.190688204,-6.033427018,64.09733802,72.39906799,286.8620938,-0.298881594,314.3122396,12.52235177,1.261624597,53.76993945,0.064078571,14.34918714,1,0.9985,0.287,1,1,0.998,0.98,0.9995,0.878,0.9875,0.995,0.9975,0.9135,0.003,0.924,1,0.003,0.969,0.9895,1,1,0.8405,1,1,0.999,0.995,0.017,0.988
qNet-dvdtmax-APD50-max_dv-CaTD90,0.875,0.625,0.75,0.945454545,0.682539683,0.833333333,0.6,0.428571429,0.75,0.909090909,0.666666667,0.75,8.799914201,1.714283571,2.999992,0.4000006,0.734694219,0.333334222,0.75,0.5,0.6,0.265566017,0.909952607,0.777777778,-14.49647462,16.06697236,-41.69966092,-17.02482684,0.185725648,-4.598793931,-6.009410641,64.09733802,72.39906799,286.8620938,-0.298881594,747.0841354,12.52235177,1.261624597,53.76993945,0.064078571,29.43244193,1,1,0.2975,1,0.998,0.998,0.976,0.9995,0.865,0.9845,0.993,0.9975,0.904,0.003,0.9235,1,0.002,0.9715,0.9875,1,0.9995,0.855,1,1,0.999,0.9945,0.0165,0.9855
qNet-dvdtmax-APD90-camax-carest,0.8125,0.625,0.75,0.945454545,0.698412698,0.854166667,0.6,0.428571429,0.75,0.909090909,0.666666667,0.75,6.599938401,1.92856725,2.999992,0.4000006,0.734694219,0.333334222,0.727272727,0.5,0.6,0.23989904,0.91943128,0.777777778,-13.99609465,15.61537592,-33.01069033,-13.09247177,-3.764072922,-4.883640627,8.407393696,64.09733802,72.39906799,363.9871979,0.000245491,7.48E-05,12.52235177,1.261624597,83.19192952,1.78E-05,9.00E-07,1,0.9995,0.3355,1,1,0.998,0.982,1,0.8955,0.9835,0.996,0.9955,0.872,0.002,0.921,1,0.0045,0.817,0.99,1,1,0.8205,1,1,1,0.9915,0.5735,0.984
qNet-dvdtmax-APD90-camax-CaTD50,0.8125,0.625,0.75,0.945454545,0.714285714,0.854166667,0.6,0.428571429,0.75,0.909090909,0.666666667,0.75,6.599938401,1.92856725,2.999992,0.440000616,0.642857679,0.333334222,0.666666667,0.545454545,0.6,0.234330234,0.928909953,0.777777778,-22.03902719,8.434031311,-38.89830055,2.719993619,43.2167027,-17.42235442,-25.56136929,64.09733802,72.39906799,363.9871979,0.000245491,314.3122396,12.52235177,1.261624597,83.19192952,1.78E-05,14.34918714,1,0.997,0.413,1,0.9995,0.9995,0.994,0.9975,0.942,0.9895,1,0.997,0.9015,0.0025,0.941,0.9995,0.016,0.881,0.9975,1,1,0.8,1,1,1,1,0.435,0.988
qNet-dvdtmax-APD90-camax-CaTD90,0.8125,0.625,0.75,0.945454545,0.698412698,0.833333333,0.6,0.428571429,0.75,0.909090909,0.666666667,0.75,6.599938401,1.714283571,2.999992,0.4000006,0.734694219,0.333334222,0.727272727,0.5,0.6,0.251821288,0.91943128,0.777777778,-15.55485871,14.88214831,-35.32099108,-8.415962774,-6.708838209,7.894600815,2.565290087,64.09733802,72.39906799,363.9871979,0.000245491,747.0841354,12.52235177,1.261624597,83.19192952,1.78E-05,29.43244193,1,1,0.301,1,1,0.9985,0.9785,1,0.8795,0.9845,0.9965,0.9955,0.8925,0.002,0.922,1,0.003,0.922,0.987,1,1,0.8345,1,1,1,0.9915,0.2955,0.986
qNet-dvdtmax-APD90-carest-CaTD90,0.8125,0.625,0.75,0.945454545,0.698412698,0.833333333,0.6,0.428571429,0.75,0.909090909,0.666666667,0.75,6.599938401,1.714283571,2.999992,0.4000006,0.734694219,0.333334222,0.727272727,0.5,0.6,0.255091982,0.91943128,0.777777778,-15.15062264,15.76238464,-32.79077159,-13.19737924,-14.94647661,10.96257505,10.74019339,64.09733802,72.39906799,363.9871979,7.48E-05,747.0841354,12.52235177,1.261624597,83.19192952,9.00E-07,29.43244193,1,0.9995,0.2885,1,1,0.9985,0.977,1,0.877,0.9855,0.994,0.9955,0.899,0.002,0.9175,1,0.004,0.9275,0.9875,1,1,0.825,1,1,1,0.9935,0.2595,0.9875
qNet-dvdtmax-APD90-CaTD50-CaTD90,0.875,0.625,0.75,0.945454545,0.682539683,0.833333333,0.6,0.571428571,0.75,0.909090909,0.666666667,0.75,8.799914201,1.92856725,2.999992,0.4000006,0.642857679,0.333334222,0.75,0.571428571,0.6,0.249466371,0.924170616,0.777777778,-44.11060811,-11.9192563,-37.88096044,16.8632914,42.19773607,-59.43048549,73.44161989,64.09733802,72.39906799,363.9871979,314.3122396,747.0841354,12.52235177,1.261624597,83.19192952,14.34918714,29.43244193,1,0.9965,0.4465,1,1,1,0.9925,0.998,0.943,0.992,0.999,0.997,0.9355,5.00E-04,0.9445,0.9995,0.0185,0.992,0.9965,1,0.992,0.838,1,0.972,1,1,0.01,0.99
qNet-dvdtmax-camax-carest-CaTD50,0.875,0.625,0.75,0.945454545,0.698412698,0.833333333,0.6,0.428571429,0.75,0.909090909,0.666666667,0.75,8.799914201,1.714283571,2.999992,0.4000006,0.642857679,0.333334222,0.75,0.545454545,0.6,0.265000936,0.914691943,0.777777778,-15.32087522,16.29125755,-42.03732591,-20.58342656,-16.57227967,11.3041125,-7.718963522,64.09733802,72.39906799,0.000245491,7.48E-05,314.3122396,12.52235177,1.261624597,1.78E-05,9.00E-07,14.34918714,1,0.9985,0.293,1,1,0.9985,0.982,0.9995,0.8835,0.9875,0.992,0.9985,0.9085,0.005,0.928,1,0.003,0.9615,0.993,1,1,0.8335,1,1,0.9995,0.9965,0.0275,0.988
qNet-dvdtmax-camax-carest-CaTD90,0.8125,0.625,0.75,0.945454545,0.698412698,0.854166667,0.6,0.428571429,0.75,0.818181818,0.666666667,0.75,5.49997525,1.92856725,2.999992,0.4000006,0.734694219,0.333334222,0.727272727,0.5,0.6,0.23637489,0.91943128,0.777777778,-13.93567393,15.17214321,-30.98508987,-10.29606437,-4.809577222,7.93014089,-1.105469394,64.09733802,72.39906799,0.000245491,7.48E-05,747.0841354,12.52235177,1.261624597,1.78E-05,9.00E-07,29.43244193,1,1,0.368,1,1,0.9975,0.9835,1,0.902,0.983,0.997,0.995,0.863,0.0015,0.922,1,0.007,0.759,0.99,1,1,0.815,1,1,1,0.99,0.6605,0.9835
qNet-dvdtmax-carest-CaTD50-CaTD90,0.875,0.625,0.75,0.945454545,0.698412698,0.833333333,0.6,0.571428571,0.75,0.909090909,0.666666667,0.75,8.799914201,1.92856725,2.999992,0.4000006,0.642857679,0.333334222,0.75,0.571428571,0.6,0.257705927,0.91943128,0.777777778,-37.51114916,-3.823128581,-35.96510743,-1.527576415,15.65473817,-41.92680899,77.3867239,64.09733802,72.39906799,7.48E-05,314.3122396,747.0841354,12.52235177,1.261624597,9.00E-07,14.34918714,29.43244193,1,0.997,0.331,1,1,1,0.985,0.9995,0.913,0.9915,0.9955,0.9965,0.9395,0.0015,0.932,1,0.011,1,0.9925,1,0.991,0.8375,1,1,0.9995,1,0.0045,0.992
qNet-dvdtmax-max_dv-camax-carest,0.875,0.625,0.75,0.945454545,0.698412698,0.833333333,0.6,0.428571429,0.75,0.909090909,0.666666667,0.75,8.799914201,1.714283571,2.999992,0.4000006,0.642857679,0.333334222,0.75,0.545454545,0.6,0.263741092,0.914691943,0.777777778,-14.59181834,16.74668937,-37.56023882,-17.58947348,-6.900010716,-6.745616775,9.65120485,64.09733802,72.39906799,-0.298881594,0.000245491,7.48E-05,12.52235177,1.261624597,0.064078571,1.78E-05,9.00E-07,1,0.9995,0.3065,1,1,0.998,0.9785,1,0.8715,0.986,0.9935,0.9965,0.9115,0.0025,0.9245,1,0.002,0.994,0.9895,1,0.9995,0.835,1,1,0.9995,0.994,0.0165,0.987
qNet-dvdtmax-max_dv-camax-CaTD50,0.875,0.625,0.75,0.945454545,0.682539683,0.833333333,0.6,0.428571429,0.75,0.909090909,0.666666667,0.75,8.799914201,1.714283571,2.999992,0.4000006,0.642857679,0.333334222,0.75,0.545454545,0.6,0.265096026,0.914691943,0.777777778,-17.05923479,14.68745771,-44.19435543,-13.41973069,3.101102888,-3.59158461,-9.473747087,64.09733802,72.39906799,-0.298881594,0.000245491,314.3122396,12.52235177,1.261624597,0.064078571,1.78E-05,14.34918714,1,0.9985,0.281,1,1,0.9985,0.981,0.9995,0.8815,0.9865,0.9945,0.9975,0.91,0.004,0.925,1,0.004,0.9585,0.993,1,1,0.84,1,1,1,0.995,0.039,0.988
qNet-dvdtmax-max_dv-carest-CaTD50,0.875,0.625,0.75,0.945454545,0.682539683,0.833333333,0.6,0.428571429,0.75,0.909090909,0.666666667,0.75,8.799914201,1.714283571,2.999992,0.4000006,0.642857679,0.333334222,0.75,0.545454545,0.6,0.265598232,0.914691943,0.777777778,-16.61163428,15.29625853,-42.11534664,-12.14613098,-0.250722775,0.18266983,-5.870790414,64.09733802,72.39906799,-0.298881594,7.48E-05,314.3122396,12.52235177,1.261624597,0.064078571,9.00E-07,14.34918714,1,0.9985,0.2875,1,1,0.998,0.98,0.9995,0.8775,0.9875,0.995,0.9975,0.9145,0.003,0.924,1,0.0025,0.971,0.9895,1,1,0.841,1,1,0.999,0.995,0.0145,0.988
qNet-dvdtmax-max_dv-CaTD50-CaTD90,0.875,0.625,0.75,0.945454545,0.698412698,0.833333333,0.6,0.428571429,0.75,0.909090909,0.666666667,0.75,8.799914201,1.714283571,2.999992,0.4000006,0.642857679,0.333334222,0.75,0.545454545,0.6,0.263396831,0.91943128,0.777777778,-26.01315769,7.071142749,-43.8235177,-2.057408707,10.26261628,-27.88720441,29.32530148,64.09733802,72.39906799,-0.298881594,314.3122396,747.0841354,12.52235177,1.261624597,0.064078571,14.34918714,29.43244193,1,0.997,0.28,1,1,1,0.987,0.997,0.896,0.99,0.9965,0.9975,0.9225,0.003,0.926,1,0.007,0.963,0.9945,1,1,0.843,1,1,1,1,0.031,0.989
qNet-dvdtmax-vmax-APD50-carest,0.875,0.625,0.75,0.945454545,0.682539683,0.822916667,0.6,0.571428571,0.75,0.909090909,0.666666667,0.75,8.799914201,1.714283571,2.999992,0.4000006,0.642857679,0.333334222,0.75,0.571428571,0.6,0.270093304,0.914691943,0.777777778,-17.65882259,16.56497907,-37.55710605,-28.22497351,9.783167612,-6.462805493,4.047995296,64.09733802,72.39906799,41.22437831,286.8620938,7.48E-05,12.52235177,1.261624597,0.812209574,53.76993945,9.00E-07,1,0.9985,0.239,1,1,0.9995,0.978,0.9995,0.87,0.9895,0.994,0.9965,0.9275,0.0025,0.9225,1,0.0025,1,0.9875,0.9995,0.964,0.834,1,1,0.999,0.9975,0.003,0.9915
qNet-dvdtmax-vmax-APD50-max_dv,0.875,0.625,0.75,0.945454545,0.682539683,0.822916667,0.6,0.428571429,0.75,0.909090909,0.666666667,0.75,8.799914201,1.714283571,2.999992,0.4000006,0.734694219,0.333334222,0.75,0.5,0.6,0.271605861,0.914691943,0.777777778,-19.73392922,14.22328197,-35.27624537,-55.97804761,27.16750575,-33.16808927,24.30693031,64.09733802,72.39906799,41.22437831,286.8620938,-0.298881594,12.52235177,1.261624597,0.812209574,53.76993945,0.064078571,1,0.9965,0.1595,1,1,1,0.9855,0.9985,0.89,0.99,0.994,0.997,0.918,0.007,0.917,1,0.007,0.958,0.995,1,1,0.8425,1,1,1,1,0.044,0.987
qNet-dvdtmax-vmax-APD90-camax,0.875,0.625,0.75,0.945454545,0.682539683,0.833333333,0.6,0.571428571,0.75,0.909090909,0.666666667,0.75,8.799914201,1.714283571,2.999992,0.4000006,0.642857679,0.333334222,0.75,0.571428571,0.6,0.267890669,0.91943128,0.777777778,-19.61492743,14.03125652,-27.9644193,-21.7430121,14.31080318,5.241049903,6.144553745,64.09733802,72.39906799,41.22437831,363.9871979,0.000245491,12.52235177,1.261624597,0.812209574,83.19192952,1.78E-05,1,0.9995,0.251,1,1,0.9995,0.976,1,0.882,0.9885,0.9965,0.993,0.932,5.00E-04,0.9225,1,0.0065,0.9985,0.984,0.9995,0.9905,0.812,1,1,1,0.998,0.005,0.9915
qNet-dvdtmax-vmax-APD90-carest,0.875,0.625,0.75,0.945454545,0.682539683,0.833333333,0.6,0.571428571,0.75,0.909090909,0.666666667,0.75,8.799914201,1.714283571,2.999992,0.4000006,0.642857679,0.333334222,0.75,0.571428571,0.6,0.267669852,0.91943128,0.777777778,-19.03952454,14.69978883,-26.86791062,-24.95915337,14.76422868,5.064481752,4.986601155,64.09733802,72.39906799,41.22437831,363.9871979,7.48E-05,12.52235177,1.261624597,0.812209574,83.19192952,9.00E-07,1,0.9995,0.2495,1,1,0.9995,0.9775,1,0.8865,0.989,0.9965,0.9925,0.9305,5.00E-04,0.9225,1,0.0075,0.9985,0.9855,1,0.9995,0.803,1,1,1,0.998,0.006,0.992
qNet-dvdtmax-vmax-APD90-CaTD50,0.875,0.625,0.75,0.945454545,0.698412698,0.833333333,0.6,0.571428571,0.75,0.909090909,0.666666667,0.75,8.799914201,1.714283571,2.999992,0.4000006,0.642857679,0.333334222,0.75,0.571428571,0.6,0.26424332,0.91943128,0.777777778,-21.74689852,12.25066247,-29.22144667,-16.98272564,13.48570672,19.2542682,-7.463490651,64.09733802,72.39906799,41.22437831,363.9871979,314.3122396,12.52235177,1.261624597,0.812209574,83.19192952,14.34918714,1,0.9995,0.2955,1,1,0.999,0.983,0.9995,0.8995,0.9895,0.998,0.9935,0.9315,5.00E-04,0.924,1,0.0085,0.9975,0.99,0.9995,0.9995,0.7945,1,1,1,0.997,0.007,0.992
qNet-dvdtmax-vmax-APD90-CaTD90,0.875,0.625,0.75,0.945454545,0.682539683,0.833333333,0.6,0.571428571,0.75,0.909090909,0.666666667,0.75,8.799914201,1.714283571,2.999992,0.4000006,0.642857679,0.333334222,0.75,0.571428571,0.6,0.267230545,0.91943128,0.777777778,-19.43043354,14.28736901,-26.75683034,-26.29345124,17.6368151,15.23429437,-8.487913431,64.09733802,72.39906799,41.22437831,363.9871979,747.0841354,12.52235177,1.261624597,0.812209574,83.19192952,29.43244193,1,0.9995,0.257,1,1,0.9995,0.9775,1,0.891,0.989,0.9965,0.993,0.9305,5.00E-04,0.9225,1,0.0075,0.9975,0.9865,0.9995,0.9985,0.801,1,1,1,0.9975,0.005,0.9915
qNet-dvdtmax-vmax-camax-carest,0.875,0.625,0.75,0.945454545,0.682539683,0.833333333,0.6,0.428571429,0.75,0.909090909,0.666666667,0.75,8.799914201,1.714283571,2.999992,0.4000006,0.642857679,0.333334222,0.75,0.545454545,0.6,0.269240755,0.91943128,0.777777778,-16.60025396,16.76115813,-27.546338,-35.65861206,13.85684055,-17.80499647,18.38223714,64.09733802,72.39906799,41.22437831,0.000245491,7.48E-05,12.52235177,1.261624597,0.812209574,1.78E-05,9.00E-07,1,0.9985,0.2355,1,1,0.999,0.979,0.9985,0.884,0.99,0.9935,0.9955,0.92,0.0025,0.9195,1,0.0045,0.9985,0.9885,1,0.999,0.797,1,1,1,0.999,0.0165,0.992
qNet-dvdtmax-vmax-camax-CaTD90,0.8125,0.625,0.75,0.945454545,0.682539683,0.833333333,0.6,0.571428571,0.75,0.909090909,0.666666667,0.75,8.799914201,1.714283571,2.999992,0.440000616,0.642857679,0.333334222,0.666666667,0.545454545,0.6,0.273644133,0.914691943,0.777777778,-18.55322735,15.34508245,-33.77900572,-24.21498697,11.55208782,4.483880576,-1.506961103,64.09733802,72.39906799,41.22437831,0.000245491,747.0841354,12.52235177,1.261624597,0.812209574,1.78E-05,29.43244193,1,0.9995,0.239,1,1,0.999,0.9765,1,0.8725,0.988,0.995,0.995,0.931,0.002,0.922,1,0.0035,0.9995,0.9865,0.9995,0.8995,0.835,1,1,1,0.997,0.004,0.9905
qNet-dvdtmax-vmax-carest-CaTD50,0.875,0.625,0.75,0.945454545,0.682539683,0.833333333,0.6,0.571428571,0.75,0.909090909,0.666666667,0.75,8.799914201,1.714283571,2.999992,0.4000006,0.642857679,0.333334222,0.75,0.571428571,0.6,0.268017958,0.914691943,0.777777778,-18.4147318,15.52751335,-36.21525751,-23.66501487,9.286696434,2.580498722,-2.586718864,64.09733802,72.39906799,41.22437831,7.48E-05,314.3122396,12.52235177,1.261624597,0.812209574,9.00E-07,14.34918714,1,0.9985,0.244,1,1,0.999,0.9775,1,0.8725,0.9885,0.995,0.996,0.9275,0.0025,0.9225,1,0.0025,0.9995,0.9875,0.9995,0.989,0.833,1,1,0.9995,0.997,0.004,0.9915
qNet-dvdtmax-vmax-carest-CaTD90,0.875,0.625,0.75,0.945454545,0.682539683,0.833333333,0.6,0.428571429,0.75,0.909090909,0.666666667,0.75,8.799914201,1.714283571,2.999992,0.4000006,0.642857679,0.333334222,0.75,0.545454545,0.6,0.268329966,0.914691943,0.777777778,-18.47357988,15.32157795,-29.59160179,-24.91866317,12.45861454,5.786711689,1.625777865,64.09733802,72.39906799,41.22437831,7.48E-05,747.0841354,12.52235177,1.261624597,0.812209574,9.00E-07,29.43244193,1,0.9995,0.2435,1,1,0.999,0.9775,1,0.8775,0.989,0.996,0.994,0.9275,0.0015,0.921,1,0.006,0.999,0.985,1,0.999,0.8125,1,1,1,0.9975,0.0045,0.992
qNet-dvdtmax-vmax-max_dv-camax,0.875,0.625,0.75,0.945454545,0.682539683,0.833333333,0.6,0.571428571,0.75,0.909090909,0.666666667,0.75,8.799914201,1.714283571,2.999992,0.4000006,0.642857679,0.333334222,0.75,0.571428571,0.6,0.268582211,0.914691943,0.777777778,-19.01610468,14.78674507,-31.36539862,-23.24176283,12.65267297,0.947324953,5.803637184,64.09733802,72.39906799,41.22437831,-0.298881594,0.000245491,12.52235177,1.261624597,0.812209574,0.064078571,1.78E-05,1,0.9995,0.2395,1,1,0.9995,0.977,1,0.874,0.989,0.9955,0.9945,0.9305,0.0015,0.922,1,0.0045,0.9985,0.9855,0.9995,0.987,0.8265,1,1,1,0.997,0.004,0.9915
qNet-dvdtmax-vmax-max_dv-carest,0.875,0.625,0.75,0.945454545,0.682539683,0.833333333,0.6,0.571428571,0.75,0.909090909,0.666666667,0.75,8.799914201,1.714283571,2.999992,0.4000006,0.642857679,0.333334222,0.75,0.571428571,0.6,0.268267099,0.91943128,0.777777778,-18.37306812,15.47136912,-30.7920866,-25.79683035,12.49029767,0.433930499,4.700456861,64.09733802,72.39906799,41.22437831,-0.298881594,7.48E-05,12.52235177,1.261624597,0.812209574,0.064078571,9.00E-07,1,0.9995,0.2405,1,1,0.999,0.9775,1,0.8765,0.9885,0.996,0.9945,0.9285,0.0015,0.9215,1,0.005,0.9985,0.986,1,0.999,0.817,1,1,1,0.9975,0.0045,0.9915
qNet-dvdtmax-vmax-max_dv-CaTD50,0.875,0.625,0.75,0.945454545,0.682539683,0.833333333,0.6,0.428571429,0.75,0.909090909,0.666666667,0.75,8.799914201,1.714283571,2.999992,0.4000006,0.642857679,0.333334222,0.75,0.545454545,0.6,0.268990067,0.914691943,0.777777778,-19.9823391,13.7121371,-33.36989727,-24.15314943,13.03549727,8.096729146,-5.990987397,64.09733802,72.39906799,41.22437831,-0.298881594,314.3122396,12.52235177,1.261624597,0.812209574,0.064078571,14.34918714,1,0.9985,0.238,1,1,0.9995,0.979,0.9985,0.886,0.9885,0.9955,0.996,0.9255,0.0025,0.9215,1,0.0065,0.969,0.989,1,1,0.8145,1,1,1,0.9975,0.0175,0.9905
qNet-dvdtmax-vmax-max_dv-CaTD90,0.875,0.625,0.75,0.945454545,0.682539683,0.833333333,0.6,0.567857143,0.75,0.909090909,0.666666667,0.75,8.799914201,1.714283571,2.999992,0.4000006,0.642857679,0.333334222,0.75,0.571428571,0.6,0.26965093,0.914691943,0.777777778,-18.77267998,14.94639044,-30.57014074,-32.40889835,17.4471941,6.608965645,-6.790263278,64.09733802,72.39906799,41.22437831,-0.298881594,747.0841354,12.52235177,1.261624597,0.812209574,0.064078571,29.43244193,1,0.9985,0.221,1,1,0.9995,0.9775,0.999,0.878,0.9885,0.9955,0.995,0.926,0.002,0.921,1,0.0045,0.9925,0.9865,1,0.9995,0.8175,1,1,1,0.9975,0.0095,0.9905
qNet-dvdtmax-vmax-vrest-max_dv,0.875,0.625,0.75,0.945454545,0.698412698,0.833333333,0.6,0.571428571,0.75,0.909090909,0.666666667,0.75,8.799914201,1.714283571,2.999992,0.4000006,0.642857679,0.333334222,0.75,0.571428571,0.6,0.263897502,0.91943128,0.777777778,-18.24569658,16.09361152,-25.76503041,-32.68417393,14.86048394,9.573325348,7.684699514,64.09733802,72.39906799,41.22437831,-88.02084897,-0.298881594,12.52235177,1.261624597,0.812209574,0.009432504,0.064078571,1,0.998,0.26,1,1,0.999,0.991,1,0.9235,0.991,0.998,0.997,0.9325,0.004,0.9265,1,0.013,0.997,0.997,0.9995,0.9975,0.8015,1,1,1,0.9975,0.004,0.9915
qNet-dvdtmax-vrest-APD50-APD90,0.8125,0.625,0.75,0.945454545,0.73015873,0.875,0.6,0.571428571,0.75,0.909090909,0.666666667,0.75,6.599938401,1.92856725,2.999992,0.4000006,0.642857679,0.333334222,0.727272727,0.571428571,0.6,0.247386406,0.924170616,0.777777778,-13.88587348,15.77812183,-32.88715161,-15.05574871,8.658130489,-27.61854558,29.24799888,64.09733802,72.39906799,-88.02084897,286.8620938,363.9871979,12.52235177,1.261624597,0.009432504,53.76993945,83.19192952,1,0.9985,0.401,1,1,0.9985,0.9965,1,0.964,0.988,1,0.999,0.907,0.007,0.955,0.9985,0.031,0.943,0.998,0.9995,1,0.803,1,1,1,0.9955,0.108,0.988
qNet-dvdtmax-vrest-APD50-camax,0.8125,0.625,0.75,0.945454545,0.714285714,0.875,0.6,0.571428571,0.75,0.909090909,0.666666667,0.75,6.599938401,1.92856725,2.999992,0.4000006,0.642857679,0.333334222,0.727272727,0.571428571,0.6,0.248959136,0.924170616,0.777777778,-13.2589126,16.45221387,-22.41194635,-16.54039456,17.0398549,12.56299992,-4.001315436,64.09733802,72.39906799,-88.02084897,286.8620938,0.000245491,12.52235177,1.261624597,0.009432504,53.76993945,1.78E-05,1,0.9985,0.383,1,1,0.9975,0.9965,1,0.964,0.9875,1,0.9985,0.9035,0.0075,0.95,0.9985,0.0315,0.943,0.9985,1,1,0.8115,1,1,1,0.9955,0.1005,0.9875
qNet-dvdtmax-vrest-APD50-carest,0.875,0.625,0.75,0.945454545,0.714285714,0.875,0.6,0.571428571,0.75,0.909090909,0.666666667,0.75,8.799914201,1.92856725,2.999992,0.4000006,0.642857679,0.333334222,0.75,0.571428571,0.6,0.251695485,0.924170616,0.777777778,-13.63912877,16.26452342,-22.60332041,-15.21996756,18.1749268,13.47994507,-3.636999775,64.09733802,72.39906799,-88.02084897,286.8620938,7.48E-05,12.52235177,1.261624597,0.009432504,53.76993945,9.00E-07,1,0.9985,0.3735,1,1,0.9985,0.9955,1,0.965,0.9885,1,0.999,0.9115,0.0075,0.952,0.9985,0.033,0.9585,0.9985,0.9995,1,0.815,1,1,1,0.996,0.0345,0.988
qNet-dvdtmax-vrest-APD50-CaTD50,0.8125,0.625,0.75,0.945454545,0.714285714,0.854166667,0.6,0.428571429,0.75,0.909090909,0.666666667,0.75,6.599938401,1.714283571,2.999992,0.4000006,0.642857679,0.333334222,0.727272727,0.545454545,0.6,0.250594686,0.924170616,0.777777778,-14.41790581,16.10637609,-28.37994983,-13.59485479,10.56256209,6.384331202,-0.338890571,64.09733802,72.39906799,-88.02084897,286.8620938,314.3122396,12.52235177,1.261624597,0.009432504,53.76993945,14.34918714,1,0.9985,0.3635,1,1,0.998,0.9935,1,0.938,0.9865,0.9995,0.997,0.901,0.0035,0.9325,1,0.016,0.9355,0.998,1,1,0.817,1,1,1,0.994,0.163,0.9885
qNet-dvdtmax-vrest-APD50-CaTD90,0.875,0.6875,0.75,0.945454545,0.73015873,0.875,0.6,0.571428571,0.75,0.909090909,0.666666667,0.75,8.799914201,2.142853714,2.999992,0.4000006,0.551020985,0.333334222,0.75,0.615384615,0.6,0.250248711,0.924170616,0.777777778,-13.98215871,16.39451677,-21.61091847,-17.46779059,19.52759879,6.192913075,8.155101534,64.09733802,72.39906799,-88.02084897,286.8620938,747.0841354,12.52235177,1.261624597,0.009432504,53.76993945,29.43244193,1,0.998,0.3595,1,1,0.9985,0.996,1,0.9725,0.9905,1,0.9995,0.922,0.0105,0.957,0.9985,0.038,0.9955,0.998,0.9995,0.9985,0.8155,1,1,1,0.998,0.004,0.9895
qNet-dvdtmax-vrest-APD90-camax,0.8125,0.625,0.75,0.945454545,0.729761905,0.875,0.6,0.571428571,0.75,0.909090909,0.666666667,0.75,6.599938401,1.92856725,2.999992,0.440000616,0.642857679,0.333334222,0.666666667,0.571428571,0.6,0.247858234,0.924170616,0.777777778,-13.44398211,16.21770076,-25.43732967,-15.85998886,14.48827923,9.435296106,-2.750732528,64.09733802,72.39906799,-88.02084897,363.9871979,0.000245491,12.52235177,1.261624597,0.009432504,83.19192952,1.78E-05,1,0.9985,0.389,1,1,0.998,0.996,1,0.965,0.9875,1,0.9985,0.904,0.007,0.9535,0.9985,0.0325,0.9425,0.9985,1,1,0.808,1,1,1,0.9955,0.1105,0.9875
qNet-dvdtmax-vrest-APD90-carest,0.8125,0.625,0.75,0.945454545,0.714285714,0.875,0.6,0.571428571,0.75,0.909090909,0.666666667,0.75,6.599938401,1.92856725,2.999992,0.4000006,0.642857679,0.333334222,0.727272727,0.571428571,0.6,0.250437425,0.924170616,0.777777778,-13.69514105,16.09651666,-25.78820178,-15.07948197,15.18021342,9.806240972,-2.493721462,64.09733802,72.39906799,-88.02084897,363.9871979,7.48E-05,12.52235177,1.261624597,0.009432504,83.19192952,9.00E-07,1,0.9985,0.3835,1,1,0.9985,0.996,1,0.9655,0.988,1,0.999,0.909,0.0075,0.954,0.9985,0.0335,0.953,0.9985,0.9995,1,0.81,1,1,1,0.9955,0.0545,0.988
qNet-dvdtmax-vrest-APD90-CaTD50,0.8125,0.625,0.75,0.927272727,0.714285714,0.864583333,0.6,0.428571429,0.75,0.909090909,0.666666667,0.75,6.599938401,1.92856725,2.999992,0.440000616,0.642857679,0.333334222,0.666666667,0.545454545,0.6,0.24335983,0.924170616,0.777777778,-14.62117143,15.65806576,-28.25838325,-11.18104059,9.735401528,8.25140374,-1.047117396,64.09733802,72.39906799,-88.02084897,363.9871979,314.3122396,12.52235177,1.261624597,0.009432504,83.19192952,14.34918714,1,0.9985,0.3865,1,1,0.998,0.9945,1,0.946,0.9865,0.9995,0.997,0.8985,0.003,0.9375,0.9995,0.02,0.9235,0.998,1,1,0.809,1,1,1,0.9925,0.261,0.988
qNet-dvdtmax-vrest-APD90-CaTD90,0.875,0.6875,0.75,0.945454545,0.714285714,0.875,0.6,0.571428571,0.75,0.909090909,0.666666667,0.75,8.799914201,2.142853714,2.999992,0.4000006,0.551020985,0.333334222,0.75,0.615384615,0.6,0.250437425,0.924170616,0.777777778,-13.94222056,16.45363273,-24.12039821,-17.98597872,17.93335952,4.284492778,7.226225259,64.09733802,72.39906799,-88.02084897,363.9871979,747.0841354,12.52235177,1.261624597,0.009432504,83.19192952,29.43244193,1,0.9975,0.3555,1,1,0.9985,0.996,1,0.971,0.9905,1,0.9995,0.9245,0.0115,0.957,0.9985,0.0365,0.996,0.998,0.9995,0.9985,0.8165,1,1,0.999,0.998,0.004,0.9895
qNet-dvdtmax-vrest-camax-carest,0.875,0.625,0.75,0.945,0.698412698,0.84375,0.6,0.571428571,0.75,0.909090909,0.666666667,0.75,8.799914201,1.714283571,2.999992,0.4000006,0.642857679,0.333334222,0.75,0.571428571,0.6,0.258021155,0.91943128,0.777777778,-14.28916549,16.90055182,-34.24486119,-19.83834727,11.85494728,2.327107115,-3.394934323,64.09733802,72.39906799,-88.02084897,0.000245491,7.48E-05,12.52235177,1.261624597,0.009432504,1.78E-05,9.00E-07,1,0.9985,0.32,1,1,0.998,0.993,1,0.9325,0.9865,0.9995,0.9985,0.9205,0.009,0.941,0.999,0.0155,0.996,0.998,0.9995,0.982,0.8345,1,1,0.999,0.995,0.0035,0.9895
qNet-dvdtmax-vrest-camax-CaTD50,0.875,0.625,0.75,0.945454545,0.698412698,0.854166667,0.6,0.571428571,0.75,0.909090909,0.666666667,0.75,8.799914201,1.92856725,2.999992,0.4000006,0.642857679,0.333334222,0.75,0.571428571,0.6,0.258052599,0.91943128,0.777777778,-14.3672379,17.12732192,-35.99403792,-21.50157506,10.36798561,-2.723469908,-1.559921698,64.09733802,72.39906799,-88.02084897,0.000245491,314.3122396,12.52235177,1.261624597,0.009432504,1.78E-05,14.34918714,1,0.9985,0.313,1,1,0.9985,0.9925,0.9995,0.9245,0.9865,0.999,0.999,0.92,0.0095,0.9385,0.999,0.0145,0.9965,0.9975,0.9995,0.9985,0.8355,1,1,0.999,0.995,0.0035,0.9895
qNet-dvdtmax-vrest-camax-CaTD90,0.875,0.6875,0.75,0.945454545,0.73015873,0.875,0.6,0.571428571,0.75,0.909090909,0.666666667,0.75,8.799914201,2.142853714,2.999992,0.4000006,0.551020985,0.333334222,0.75,0.615384615,0.6,0.247763869,0.928909953,0.777777778,-16.20227507,14.66569371,-16.70224997,-11.92310901,20.95953262,9.533680159,21.67965625,64.09733802,72.39906799,-88.02084897,0.000245491,747.0841354,12.52235177,1.261624597,0.009432504,1.78E-05,29.43244193,1,0.9985,0.398,1,1,0.999,0.9965,1,0.9785,0.9905,1,0.998,0.9285,0.0045,0.959,0.999,0.043,0.997,0.9985,0.9995,0.9985,0.803,1,1,1,0.9985,0.004,0.99
qNet-dvdtmax-vrest-carest-CaTD50,0.875,0.625,0.75,0.945,0.698412698,0.833333333,0.6,0.571428571,0.75,0.909090909,0.666666667,0.75,8.799914201,1.714283571,2.999992,0.4000006,0.642857679,0.333334222,0.75,0.571428571,0.6,0.259090234,0.91943128,0.777777778,-14.55235394,17.05496766,-36.12927747,-20.70420674,10.90178118,-2.14064804,-1.26743837,64.09733802,72.39906799,-88.02084897,7.48E-05,314.3122396,12.52235177,1.261624597,0.009432504,9.00E-07,14.34918714,1,0.9985,0.312,1,1,0.998,0.993,1,0.9245,0.9865,0.999,0.999,0.9205,0.009,0.9405,0.999,0.014,0.997,0.9975,0.9995,0.979,0.837,1,1,0.999,0.995,0.0035,0.99
qNet-dvdtmax-vrest-carest-CaTD90,0.875,0.6875,0.75,0.945454545,0.73015873,0.875,0.6,0.571428571,0.75,0.909090909,0.666666667,0.75,8.799914201,2.142853714,2.999992,0.4000006,0.551020985,0.333334222,0.75,0.615384615,0.6,0.249305125,0.928909953,0.777777778,-14.70164439,15.86917974,-18.30877974,-16.31563479,19.09118875,5.712076177,17.34136952,64.09733802,72.39906799,-88.02084897,7.48E-05,747.0841354,12.52235177,1.261624597,0.009432504,9.00E-07,29.43244193,1,0.9985,0.3825,1,1,0.999,0.997,1,0.975,0.9905,1,0.9985,0.9225,0.0075,0.9585,0.9985,0.0415,0.996,0.9985,0.9995,0.9995,0.7975,1,1,1,0.998,0.0085,0.9905
qNet-dvdtmax-vrest-max_dv-camax,0.875,0.625,0.75,0.945454545,0.698412698,0.854166667,0.6,0.571428571,0.75,0.909090909,0.666666667,0.75,8.799914201,1.92856725,2.999992,0.4000006,0.642857679,0.333334222,0.75,0.571428571,0.6,0.257455158,0.91943128,0.777777778,-14.0237866,17.18266173,-34.52092946,-21.61062957,10.92076794,-1.066869852,-1.565147388,64.09733802,72.39906799,-88.02084897,-0.298881594,0.000245491,12.52235177,1.261624597,0.009432504,0.064078571,1.78E-05,1,0.9985,0.319,1,1,0.998,0.993,1,0.9295,0.9865,0.999,0.9985,0.92,0.0085,0.939,0.999,0.0145,0.9965,0.9975,0.9995,0.998,0.835,1,1,0.999,0.995,0.0035,0.99
qNet-dvdtmax-vrest-max_dv-carest,0.875,0.625,0.75,0.945454545,0.698412698,0.854166667,0.6,0.571428571,0.75,0.909090909,0.666666667,0.75,8.799914201,1.92856725,2.999992,0.4000006,0.642857679,0.333334222,0.75,0.571428571,0.6,0.258052599,0.91943128,0.777777778,-14.16367784,17.14027282,-34.76049586,-21.23255621,11.33999442,-0.898674617,-1.43303258,64.09733802,72.39906799,-88.02084897,-0.298881594,7.48E-05,12.52235177,1.261624597,0.009432504,0.064078571,9.00E-07,1,0.9985,0.3175,1,1,0.998,0.993,1,0.9295,0.9865,0.999,0.9985,0.9205,0.009,0.9415,0.999,0.0145,0.9975,0.9975,0.9995,0.984,0.8365,1,1,0.999,0.995,0.0035,0.99
qNet-dvdtmax-vrest-max_dv-CaTD50,0.875,0.625,0.75,0.945454545,0.698412698,0.833333333,0.6,0.571428571,0.75,0.909090909,0.666666667,0.75,8.799914201,1.92856725,2.999992,0.4000006,0.642857679,0.333334222,0.75,0.571428571,0.6,0.258397695,0.91943128,0.777777778,-14.25259326,17.06174961,-34.50179703,-20.04937027,9.745147053,-1.831628814,0.539133422,64.09733802,72.39906799,-88.02084897,-0.298881594,314.3122396,12.52235177,1.261624597,0.009432504,0.064078571,14.34918714,1,0.9985,0.3215,1,1,0.998,0.9915,1,0.9205,0.987,0.999,0.998,0.9185,0.007,0.9355,0.999,0.0125,0.9965,0.9975,0.9995,0.9985,0.834,1,1,0.999,0.9945,0.004,0.99
qNet-max_dv-camax-carest-CaTD50,0.8125,0.625,0.75,0.945454545,0.682539683,0.84375,0.6,0.428571429,0.75,0.909090909,0.666666667,0.75,6.599938401,1.923210158,2.999992,0.4000006,0.734694219,0.333334222,0.727272727,0.5,0.6,0.243801869,0.91943128,0.777777778,-17.15679865,12.37068137,-38.17020066,9.714786639,8.934107191,-9.102130861,-9.823866047,64.09733802,-0.298881594,0.000245491,7.48E-05,314.3122396,12.52235177,0.064078571,1.78E-05,9.00E-07,14.34918714,1,0.9985,0.3005,1,1,0.997,0.9835,1,0.8975,0.9855,0.997,0.9965,0.8875,0.0025,0.926,1,0.0075,0.886,0.992,1,1,0.8265,1,1,1,0.9955,0.4455,0.985
qNet-max_dv-camax-carest-CaTD90,0.875,0.625,0.75,0.945454545,0.698412698,0.833333333,0.6,0.571428571,0.75,0.909090909,0.666666667,0.75,8.799914201,1.714283571,2.999992,0.4000006,0.642857679,0.333334222,0.75,0.571428571,0.6,0.262136916,0.91943128,0.777777778,-17.80459807,13.59709385,-28.14492628,-10.48819772,12.40778313,5.738874715,16.9325257,64.09733802,-0.298881594,0.000245491,7.48E-05,747.0841354,12.52235177,0.064078571,1.78E-05,9.00E-07,29.43244193,1,1,0.325,1,1,0.9985,0.976,1,0.881,0.9875,0.9975,0.992,0.924,0,0.922,1,0.007,1,0.9825,1,0.999,0.83,1,1,1,0.998,0.0045,0.9895
qNet-max_dv-camax-CaTD50-CaTD90,0.875,0.625,0.75,0.945454545,0.698412698,0.833333333,0.6,0.571428571,0.75,0.909090909,0.666666667,0.75,8.799914201,1.714283571,2.999992,0.4000006,0.642857679,0.333334222,0.75,0.571428571,0.6,0.261983629,0.91943128,0.777777778,-31.69143445,2.449284713,-43.18100208,6.250995951,7.429868534,-33.22920026,47.09671341,64.09733802,-0.298881594,0.000245491,314.3122396,747.0841354,12.52235177,0.064078571,1.78E-05,14.34918714,29.43244193,1,0.997,0.298,1,1,1,0.983,0.9985,0.8945,0.991,0.996,0.997,0.933,0.0025,0.928,1,0.0075,0.998,0.992,0.9995,0.9855,0.8435,1,1,1,1,0.0035,0.99
qNet-max_dv-carest-CaTD50-CaTD90,0.875,0.625,0.75,0.945454545,0.698412698,0.833333333,0.6,0.571428571,0.75,0.909090909,0.666666667,0.75,8.799914201,1.92856725,2.999992,0.4000006,0.642857679,0.333334222,0.75,0.571428571,0.6,0.256415892,0.924170616,0.777777778,-37.81024307,-4.680956672,-36.01229756,3.589772245,13.69192916,-43.88956602,76.77967777,64.09733802,-0.298881594,7.48E-05,314.3122396,747.0841354,12.52235177,0.064078571,9.00E-07,14.34918714,29.43244193,1,0.997,0.3415,1,1,1,0.9875,0.9985,0.9205,0.991,0.996,0.997,0.9375,0.0015,0.932,1,0.012,1,0.9925,1,0.9975,0.831,1,1,1,1,0.0075,0.9915
qNet-vmax-APD50-APD90-camax,0.8125,0.625,0.75,0.945454545,0.73015873,0.875,0.6,0.428571429,0.75,0.818181818,0.666666667,0.75,5.49997525,1.92856725,2.999992,0.440000616,0.642857679,0.333334222,0.666666667,0.545454545,0.6,0.220761643,0.933649289,0.777777778,-14.90459753,13.05078169,-30.4515008,1.742516334,-53.68098448,59.44403604,5.999962141,64.09733802,41.22437831,286.8620938,363.9871979,0.000245491,12.52235177,0.812209574,53.76993945,83.19192952,1.78E-05,1,0.9995,0.541,1,1,0.995,0.9965,1,0.9695,0.9845,1,0.9965,0.8625,0.001,0.9535,0.9985,0.036,0.7485,0.9985,1,1,0.767,1,1,1,0.9955,0.665,0.9835
qNet-vmax-APD50-APD90-carest,0.8125,0.625,0.75,0.945454545,0.746031746,0.895833333,0.6,0.428571429,0.75,0.818181818,0.777777778,0.75,5.49997525,1.92856725,2.999992,0.440000616,0.642857679,0.333334222,0.666666667,0.545454545,0.6,0.220351491,0.933649289,0.777777778,-13.60662934,13.3939095,-29.01450247,0.096762628,-49.50383698,55.31265682,4.50297687,64.09733802,41.22437831,286.8620938,363.9871979,7.48E-05,12.52235177,0.812209574,53.76993945,83.19192952,9.00E-07,1,1,0.569,1,1,0.9945,0.9965,1,0.969,0.983,1,0.997,0.8385,5.00E-04,0.951,0.9985,0.034,0.671,0.9985,1,1,0.767,1,1,1,0.9955,0.7495,0.979
qNet-vmax-APD50-APD90-CaTD50,0.8125,0.625,0.75,0.945454545,0.73015873,0.875,0.6,0.428571429,0.75,0.909090909,0.666666667,0.75,6.599938401,1.92856725,2.999992,0.440000616,0.642857679,0.333334222,0.666666667,0.545454545,0.6,0.228159797,0.933649289,0.777777778,-16.92872657,12.19140216,-32.47290722,2.723787882,-44.68717575,60.66246283,-7.023319139,64.09733802,41.22437831,286.8620938,363.9871979,314.3122396,12.52235177,0.812209574,53.76993945,83.19192952,14.34918714,1,0.999,0.4845,1,1,0.998,0.9965,1,0.967,0.9885,1,0.997,0.8925,0.002,0.9565,0.9985,0.0325,0.863,0.999,1,1,0.762,1,1,1,0.9965,0.466,0.9875
qNet-vmax-APD50-camax-carest,0.8125,0.625,0.75,0.945454545,0.698412698,0.854166667,0.6,0.428571429,0.75,0.909090909,0.666666667,0.75,6.599938401,1.714283571,2.999992,0.4000006,0.734694219,0.333334222,0.727272727,0.5,0.6,0.247638049,0.91943128,0.777777778,-16.14062724,13.28733451,-32.06600157,0.905534306,0.925378795,16.59823281,-7.817364057,64.09733802,41.22437831,286.8620938,0.000245491,7.48E-05,12.52235177,0.812209574,53.76993945,1.78E-05,9.00E-07,1,1,0.3285,1,1,0.9965,0.9765,1,0.889,0.985,0.9975,0.9925,0.889,5.00E-04,0.922,1,0.0055,0.9155,0.984,1,1,0.835,1,1,1,0.9925,0.3365,0.984
qNet-vmax-APD50-camax-CaTD50,0.8125,0.625,0.75,0.945454545,0.682539683,0.833333333,0.6,0.428571429,0.75,0.909090909,0.666666667,0.75,6.599938401,1.714283571,2.999992,0.4000006,0.734694219,0.333334222,0.727272727,0.5,0.6,0.256761793,0.91943128,0.777777778,-20.82412291,10.79188807,-39.24539453,-1.269709195,33.00407852,-13.50447081,-22.10357104,64.09733802,41.22437831,286.8620938,0.000245491,314.3122396,12.52235177,0.812209574,53.76993945,1.78E-05,14.34918714,1,0.9975,0.3,1,0.9995,0.9985,0.979,0.9965,0.8835,0.988,0.9955,0.997,0.9085,0.0025,0.9245,1,0.0035,0.9315,0.988,1,1,0.8365,1,1,1,0.997,0.1875,0.9885
qNet-vmax-APD50-carest-CaTD50,0.8125,0.625,0.75,0.945454545,0.682539683,0.833333333,0.6,0.428571429,0.75,0.909090909,0.666666667,0.75,6.599938401,1.714283571,2.999992,0.4000006,0.734694219,0.333334222,0.727272727,0.5,0.6,0.2635839,0.91943128,0.777777778,-18.47065129,12.81065984,-38.43895638,-0.897225554,16.79337453,-3.671879095,-12.78173807,64.09733802,41.22437831,286.8620938,7.48E-05,314.3122396,12.52235177,0.812209574,53.76993945,9.00E-07,14.34918714,1,0.9985,0.2935,1,1,0.9985,0.978,0.9995,0.8835,0.988,0.9965,0.996,0.915,0.002,0.925,1,0.004,0.9535,0.9875,1,1,0.8355,1,1,1,0.9965,0.0545,0.9885
qNet-vmax-APD50-carest-CaTD90,0.8125,0.625,0.75,0.945454545,0.714285714,0.875,0.6,0.428571429,0.75,0.818181818,0.666666667,0.75,5.49997525,1.92856725,2.999992,0.440000616,0.734694219,0.333334222,0.666666667,0.5,0.6,0.230079832,0.924170616,0.777777778,-13.65983662,13.61370634,-25.92773174,-4.990513135,-16.8513,16.3396509,20.18855086,64.09733802,41.22437831,286.8620938,7.48E-05,747.0841354,12.52235177,0.812209574,53.76993945,9.00E-07,29.43244193,1,1,0.449,1,1,0.9945,0.9875,1,0.944,0.981,0.998,0.9945,0.8435,0,0.925,1,0.016,0.7325,0.99,1,1,0.7955,1,1,1,0.9935,0.6925,0.9775
qNet-vmax-APD50-max_dv-camax,0.8125,0.625,0.75,0.945454545,0.698412698,0.854166667,0.6,0.428571429,0.75,0.909090909,0.666666667,0.75,6.599938401,1.714283571,2.999992,0.4000006,0.734694219,0.333334222,0.727272727,0.5,0.6,0.254274342,0.91943128,0.777777778,-15.11016908,14.23361409,-31.08324358,-1.775178098,9.318171726,-7.453396727,7.017433075,64.09733802,41.22437831,286.8620938,-0.298881594,0.000245491,12.52235177,0.812209574,53.76993945,0.064078571,1.78E-05,1,1,0.344,1,1,0.997,0.977,1,0.881,0.9845,0.9975,0.993,0.8965,0,0.922,1,0.003,0.938,0.983,1,1,0.8355,1,1,1,0.991,0.1955,0.9855
qNet-vmax-APD50-max_dv-carest,0.8125,0.625,0.75,0.945454545,0.698412698,0.833333333,0.6,0.428571429,0.75,0.909090909,0.666666667,0.75,6.599938401,1.714283571,2.999992,0.440000616,0.734694219,0.333334222,0.666666667,0.5,0.6,0.253677613,0.914691943,0.777777778,-14.31895875,14.6065709,-29.51454991,-3.360760027,14.92831127,-11.74312804,5.576347866,64.09733802,41.22437831,286.8620938,-0.298881594,7.48E-05,12.52235177,0.812209574,53.76993945,0.064078571,9.00E-07,1,1,0.364,1,0.991,0.997,0.9765,1,0.878,0.985,0.9975,0.993,0.8945,0,0.922,1,0.0025,0.9355,0.981,1,1,0.8405,1,1,1,0.9915,0.1975,0.9855
qNet-vmax-APD50-max_dv-CaTD50,0.8125,0.625,0.75,0.945454545,0.698412698,0.833333333,0.6,0.428571429,0.75,0.909090909,0.666666667,0.75,6.599938401,1.714283571,2.999992,0.4000006,0.734694219,0.333334222,0.727272727,0.5,0.6,0.257167429,0.91943128,0.777777778,-16.79084647,13.81778045,-35.44140848,-1.860660526,14.04277618,-2.941250928,-8.045236013,64.09733802,41.22437831,286.8620938,-0.298881594,314.3122396,12.52235177,0.812209574,53.76993945,0.064078571,14.34918714,1,0.9995,0.3165,1,1,0.9975,0.979,1,0.885,0.9865,0.997,0.9955,0.9025,0.0015,0.923,1,0.0045,0.941,0.9875,1,1,0.8295,1,1,1,0.995,0.1635,0.9865
qNet-vmax-APD90-camax-carest,0.8125,0.625,0.75,0.945454545,0.698412698,0.854166667,0.6,0.428571429,0.75,0.909090909,0.666666667,0.75,6.599938401,1.714283571,2.999992,0.4000006,0.642857679,0.333334222,0.727272727,0.545454545,0.6,0.245090869,0.924170616,0.777777778,-17.18986821,12.75108016,-27.18797555,4.749950367,7.178241132,15.67676363,-6.827775564,64.09733802,41.22437831,363.9871979,0.000245491,7.48E-05,12.52235177,0.812209574,83.19192952,1.78E-05,9.00E-07,1,1,0.343,1,1,0.998,0.98,1,0.8985,0.984,0.999,0.9915,0.8915,0,0.9225,1,0.008,0.9035,0.9835,1,1,0.819,1,1,1,0.995,0.3775,0.9855
qNet-vmax-APD90-camax-CaTD50,0.8125,0.625,0.75,0.945454545,0.714285714,0.854166667,0.6,0.428571429,0.75,0.909090909,0.666666667,0.75,6.599938401,1.92856725,2.999992,0.440000616,0.642857679,0.333334222,0.666666667,0.545454545,0.6,0.234582805,0.928909953,0.777777778,-23.88071451,6.745110359,-32.85940143,6.453021116,52.60139612,-18.78306189,-26.59161527,64.09733802,41.22437831,363.9871979,0.000245491,314.3122396,12.52235177,0.812209574,83.19192952,1.78E-05,14.34918714,1,0.9965,0.422,1,0.9995,0.9995,0.994,0.9975,0.9455,0.991,1,0.997,0.9085,0.0015,0.942,0.9995,0.0195,0.887,0.9975,1,1,0.792,1,1,1,1,0.4105,0.9895
qNet-vmax-APD90-camax-CaTD90,0.8125,0.625,0.75,0.945454545,0.698412698,0.854166667,0.6,0.428571429,0.75,0.909090909,0.666666667,0.75,6.599938401,1.714283571,2.999992,0.4000006,0.734694219,0.333334222,0.727272727,0.5,0.6,0.243297713,0.924170616,0.777777778,-16.59530952,13.21652608,-26.35928338,2.380637482,-1.576103683,12.77155022,7.770596612,64.09733802,41.22437831,363.9871979,0.000245491,747.0841354,12.52235177,0.812209574,83.19192952,1.78E-05,29.43244193,1,1,0.3355,1,1,0.9975,0.978,1,0.8995,0.984,0.9985,0.991,0.89,0,0.9215,1,0.0075,0.8875,0.983,1,1,0.8105,1,1,1,0.995,0.4405,0.9855
qNet-vmax-APD90-carest-CaTD90,0.8125,0.625,0.75,0.945454545,0.714285714,0.875,0.6,0.428571429,0.75,0.818181818,0.666666667,0.75,5.49997525,1.92856725,2.999992,0.4000006,0.734694219,0.333334222,0.727272727,0.5,0.6,0.232188566,0.924170616,0.777777778,-14.0367293,13.71512781,-24.74547147,0.623406978,8.255289706,4.663713874,-0.991909204,64.09733802,41.22437831,363.9871979,7.48E-05,747.0841354,12.52235177,0.812209574,83.19192952,9.00E-07,29.43244193,1,1,0.4335,1,1,0.996,0.986,1,0.9215,0.9775,0.9995,0.9935,0.8385,0,0.9215,1,0.0095,0.7105,0.988,1,1,0.8035,1,1,1,0.9925,0.727,0.9775
qNet-vmax-APD90-CaTD50-CaTD90,0.8125,0.625,0.75,0.945454545,0.682539683,0.833333333,0.6,0.571428571,0.75,0.909090909,0.666666667,0.75,8.799914201,1.92856725,2.999992,0.440000616,0.642857545,0.333334222,0.666666667,0.571428571,0.6,0.250693014,0.924170616,0.777777778,-52.54405158,-19.86745178,-35.24842952,8.985849652,46.27543984,-66.32205495,87.47733997,64.09733802,41.22437831,363.9871979,314.3122396,747.0841354,12.52235177,0.812209574,83.19192952,14.34918714,29.43244193,1,0.9975,0.452,1,1,1,0.9915,0.998,0.9385,0.992,0.998,0.997,0.9395,5.00E-04,0.9445,0.999,0.0185,1,0.9965,0.9995,0.956,0.849,1,0.97,1,1,0.0045,0.991
qNet-vmax-camax-carest-CaTD50,0.875,0.625,0.75,0.945454545,0.682539683,0.833333333,0.6,0.428571429,0.75,0.909090909,0.666666667,0.75,6.599938401,1.714283571,2.999992,0.4000006,0.734694219,0.333334222,0.75,0.5,0.6,0.258775803,0.914691943,0.777777778,-15.88752999,13.99423728,-42.16068981,-4.331904894,10.68260422,-7.594323083,-5.63739795,64.09733802,41.22437831,0.000245491,7.48E-05,314.3122396,12.52235177,0.812209574,1.78E-05,9.00E-07,14.34918714,1,0.9985,0.3105,1,1,0.9965,0.98,1,0.8815,0.9845,0.996,0.997,0.8955,0.0025,0.925,1,0.0035,0.9425,0.9895,1,1,0.847,1,1,0.9995,0.9935,0.1355,0.986
qNet-vmax-camax-carest-CaTD90,0.8125,0.625,0.75,0.945454545,0.698412698,0.854166667,0.6,0.428571429,0.75,0.909090909,0.666666667,0.75,6.599938401,1.714283571,2.999992,0.4000006,0.642857679,0.333334222,0.727272727,0.545454545,0.6,0.248865571,0.91943128,0.777777778,-17.11955854,13.01013151,-27.49085208,3.229802331,15.94221895,-3.657734828,5.797954002,64.09733802,41.22437831,0.000245491,7.48E-05,747.0841354,12.52235177,0.812209574,1.78E-05,9.00E-07,29.43244193,1,1,0.3235,1,1,0.9985,0.9775,1,0.8965,0.985,0.9985,0.991,0.8975,0,0.9215,1,0.008,0.922,0.983,1,1,0.8185,1,1,1,0.996,0.3165,0.986
qNet-vmax-carest-CaTD50-CaTD90,0.875,0.625,0.75,0.945454545,0.698412698,0.833333333,0.6,0.571428571,0.75,0.909090909,0.666666667,0.75,8.799914201,1.714283571,2.999992,0.4000006,0.642857679,0.333334222,0.75,0.571428571,0.6,0.256856917,0.91943128,0.777777778,-38.27325273,-4.735723591,-38.70544003,-2.279815549,14.80179844,-44.38056971,79.48064418,64.09733802,41.22437831,7.48E-05,314.3122396,747.0841354,12.52235177,0.812209574,9.00E-07,14.34918714,29.43244193,1,0.997,0.34,1,1,1,0.985,0.9995,0.913,0.991,0.995,0.997,0.94,0.002,0.933,1,0.011,1,0.9925,1,0.991,0.839,1,1,0.9995,1,0.005,0.9915
qNet-vmax-max_dv-camax-carest,0.8125,0.625,0.75,0.945454545,0.698412698,0.854166667,0.6,0.428571429,0.75,0.909090909,0.666666667,0.75,6.599938401,1.714283571,2.999992,0.4000006,0.734694219,0.333334222,0.727272727,0.5,0.6,0.249808375,0.91943128,0.777777778,-15.9850509,13.40970743,-33.41361589,0.089217652,-0.446718579,16.98420228,-8.196169506,64.09733802,41.22437831,-0.298881594,0.000245491,7.48E-05,12.52235177,0.812209574,0.064078571,1.78E-05,9.00E-07,1,1,0.3255,1,1,0.9965,0.9755,1,0.8865,0.985,0.9975,0.994,0.891,5.00E-04,0.922,1,0.0055,0.9225,0.9845,1,1,0.837,1,1,1,0.992,0.295,0.984
qNet-vmax-max_dv-camax-CaTD50,0.8125,0.625,0.75,0.945454545,0.698412698,0.854166667,0.6,0.428571429,0.75,0.818181818,0.666666667,0.75,5.49997525,1.92856725,2.999992,0.4000006,0.734694219,0.333334222,0.727272727,0.5,0.6,0.238671931,0.91943128,0.777777778,-14.6151065,13.40327323,-36.86375956,-3.884183508,7.705693226,-1.963182717,-9.162350107,64.09733802,41.22437831,-0.298881594,0.000245491,314.3122396,12.52235177,0.812209574,0.064078571,1.78E-05,14.34918714,1,0.9985,0.348,1,1,0.9955,0.987,1,0.905,0.983,0.9975,0.997,0.862,0.0025,0.9235,1,0.007,0.778,0.994,1,1,0.813,1,1,1,0.992,0.6205,0.982
qNet-vmax-max_dv-camax-CaTD90,0.8125,0.625,0.75,0.945454545,0.682539683,0.833333333,0.6,0.428571429,0.75,0.909090909,0.666666667,0.75,8.799914201,1.714283571,2.999992,0.440000616,0.642857679,0.333334222,0.666666667,0.545454545,0.6,0.267386941,0.91943128,0.777777778,-17.63046366,13.76136362,-32.35504727,-0.827120513,-9.476415269,15.86235508,12.13234962,64.09733802,41.22437831,-0.298881594,0.000245491,747.0841354,12.52235177,0.812209574,0.064078571,1.78E-05,29.43244193,1,1,0.3115,1,1,0.9985,0.9755,1,0.876,0.9865,0.9975,0.993,0.922,0,0.9225,1,0.0045,0.9985,0.983,0.9995,0.9275,0.842,1,1,0.999,0.9965,0.0045,0.989
qNet-vmax-max_dv-carest-CaTD50,0.8125,0.625,0.75,0.945454545,0.698412698,0.854166667,0.6,0.428571429,0.75,0.909090909,0.666666667,0.75,6.599938401,1.92856725,2.999992,0.4000006,0.734694219,0.333334222,0.727272727,0.5,0.6,0.240496843,0.91943128,0.777777778,-15.38116917,13.02766629,-38.82204616,-3.256686903,9.087568369,-2.991410792,-10.93281545,64.09733802,41.22437831,-0.298881594,7.48E-05,314.3122396,12.52235177,0.812209574,0.064078571,9.00E-07,14.34918714,1,0.9985,0.3195,1,0.9995,0.9965,0.9865,0.9995,0.9025,0.9835,0.9975,0.997,0.872,0.003,0.9245,1,0.007,0.8325,0.995,1,1,0.822,1,1,1,0.9955,0.5485,0.983
qNet-vmax-max_dv-carest-CaTD90,0.875,0.625,0.75,0.945454545,0.698412698,0.854166667,0.6,0.428571429,0.75,0.909090909,0.666666667,0.75,8.799914201,1.714283571,2.999992,0.4000006,0.642857679,0.333334222,0.75,0.545454545,0.6,0.258330876,0.91943128,0.777777778,-15.86601039,14.36610797,-29.56943729,-7.363041454,-19.68564204,19.07623184,23.87985976,64.09733802,41.22437831,-0.298881594,7.48E-05,747.0841354,12.52235177,0.812209574,0.064078571,9.00E-07,29.43244193,1,1,0.3805,1,1,0.998,0.9745,1,0.876,0.9875,0.997,0.993,0.914,0,0.925,1,0.0045,1,0.9845,1,0.999,0.84,1,1,0.9995,0.9955,0.0125,0.9895
qNet-vmax-max_dv-CaTD50-CaTD90,0.875,0.625,0.75,0.945454545,0.698412698,0.833333333,0.6,0.428571429,0.75,0.909090909,0.666666667,0.75,8.799914201,1.714283571,2.999992,0.4000006,0.642857679,0.333334222,0.75,0.545454545,0.6,0.262895373,0.91943128,0.777777778,-26.07516126,6.892737756,-44.91169019,-1.51687949,9.938444635,-29.01851524,30.74082962,64.09733802,41.22437831,-0.298881594,314.3122396,747.0841354,12.52235177,0.812209574,0.064078571,14.34918714,29.43244193,1,0.9965,0.2845,1,1,1,0.988,0.997,0.8965,0.99,0.9965,0.9975,0.922,0.003,0.927,1,0.007,0.9625,0.995,1,1,0.8455,1,1,1,1,0.0325,0.9885
qNet-vmax-vrest-APD50-APD90,0.8125,0.6875,0.75,0.945454545,0.746031746,0.895833333,0.6,0.428571429,0.75,0.818181818,0.666666667,0.75,5.49997525,2.142853714,2.999992,0.4000006,0.642857679,0.333334222,0.727272727,0.545454545,0.6,0.220446782,0.933649289,0.777777778,-13.08870793,13.99028974,-15.7851459,0.001274304,12.04391004,0.419208849,20.14015508,64.09733802,41.22437831,-88.02084897,286.8620938,363.9871979,12.52235177,0.812209574,0.009432504,53.76993945,83.19192952,1,0.9995,0.534,1,1,0.996,0.996,1,0.9745,0.9825,1,0.9965,0.854,0.0015,0.9495,0.998,0.039,0.713,0.999,1,1,0.781,1,1,1,0.9945,0.7025,0.98
qNet-vmax-vrest-APD50-camax,0.8125,0.625,0.75,0.945454545,0.73015873,0.875,0.6,0.428571429,0.75,0.818181818,0.666666667,0.75,5.49997525,1.92856725,2.999992,0.440000616,0.642857679,0.333334222,0.666666667,0.545454545,0.6,0.226932162,0.928909953,0.777777778,-13.56582951,14.34395372,-15.18690612,-0.212786551,12.12043832,20.43365005,0.746220178,64.09733802,41.22437831,-88.02084897,286.8620938,0.000245491,12.52235177,0.812209574,0.009432504,53.76993945,1.78E-05,1,1,0.4835,1,1,0.996,0.9945,1,0.952,0.9815,1,0.9945,0.8565,5.00E-04,0.9325,0.9995,0.0245,0.743,0.998,1,1,0.79,1,1,1,0.9925,0.6655,0.983
qNet-vmax-vrest-APD50-carest,0.8125,0.625,0.75,0.945454545,0.73015873,0.895833333,0.6,0.428571429,0.75,0.818181818,0.666666667,0.75,5.49997525,1.92856725,2.999992,0.440000616,0.642857679,0.333334222,0.666666667,0.545454545,0.6,0.221989566,0.928909953,0.777777778,-12.81310215,14.26043159,-8.401001998,-0.095693639,18.7554471,28.82357432,-2.579177626,64.09733802,41.22437831,-88.02084897,286.8620938,7.48E-05,12.52235177,0.812209574,0.009432504,53.76993945,9.00E-07,1,0.9995,0.514,1,1,0.996,0.9955,1,0.978,0.9805,1,0.996,0.8605,0.0015,0.9445,0.9975,0.0395,0.7435,0.999,1,1,0.789,1,1,1,0.995,0.6545,0.9805
qNet-vmax-vrest-APD50-CaTD90,0.8125,0.625,0.75,0.945454545,0.73015873,0.895833333,0.6,0.428571429,0.75,0.818181818,0.666666667,0.75,5.49997525,1.92856725,2.999992,0.440000616,0.642857679,0.333334222,0.666666667,0.545454545,0.6,0.22154878,0.933649289,0.777777778,-12.87837181,14.21128663,-9.332719052,-0.903108369,17.77924897,23.33656213,3.970358391,64.09733802,41.22437831,-88.02084897,286.8620938,747.0841354,12.52235177,0.812209574,0.009432504,53.76993945,29.43244193,1,0.9995,0.514,1,1,0.996,0.9965,1,0.9765,0.9825,1,0.9965,0.86,0.0015,0.9455,0.998,0.0405,0.74,0.999,1,1,0.7875,1,1,1,0.9955,0.666,0.9815
qNet-vmax-vrest-APD90-camax,0.8125,0.625,0.75,0.945454545,0.73015873,0.875,0.6,0.428571429,0.75,0.818181818,0.666666667,0.75,5.49997525,1.92856725,2.999992,0.440000616,0.642857679,0.333334222,0.666666667,0.545454545,0.6,0.224917458,0.928909953,0.777777778,-13.931904,13.97642561,-18.73447842,0.634772063,9.112734916,17.22780454,2.005865197,64.09733802,41.22437831,-88.02084897,363.9871979,0.000245491,12.52235177,0.812209574,0.009432504,83.19192952,1.78E-05,1,0.9995,0.502,1,1,0.9965,0.996,1,0.959,0.982,1,0.995,0.8585,5.00E-04,0.9385,0.999,0.0285,0.7445,0.998,1,1,0.785,1,1,1,0.9945,0.663,0.983
qNet-vmax-vrest-APD90-carest,0.8125,0.625,0.75,0.945454545,0.73015873,0.895833333,0.6,0.428571429,0.75,0.818181818,0.666666667,0.75,5.49997525,1.92856725,2.999992,0.4000006,0.642857679,0.333334222,0.727272727,0.545454545,0.6,0.219911509,0.928909953,0.777777778,-13.03018904,13.97969708,-15.54274108,-0.008636567,12.34190758,20.87842741,-0.169560484,64.09733802,41.22437831,-88.02084897,363.9871979,7.48E-05,12.52235177,0.812209574,0.009432504,83.19192952,9.00E-07,1,0.9995,0.537,1,1,0.996,0.996,1,0.9765,0.9825,1,0.9965,0.854,0.0015,0.952,0.9975,0.0405,0.712,0.999,1,1,0.781,1,1,1,0.9945,0.703,0.98
qNet-vmax-vrest-APD90-CaTD90,0.8125,0.625,0.75,0.945454545,0.73015873,0.895833333,0.6,0.428571429,0.75,0.818181818,0.666666667,0.75,5.49997525,1.92856725,2.999992,0.440000616,0.642857679,0.333334222,0.666666667,0.545454545,0.6,0.219817047,0.933649289,0.777777778,-12.99259726,13.97854908,-15.28388655,-0.125179901,12.59682474,20.58218682,0.532464819,64.09733802,41.22437831,-88.02084897,363.9871979,747.0841354,12.52235177,0.812209574,0.009432504,83.19192952,29.43244193,1,0.9995,0.536,1,1,0.996,0.996,1,0.977,0.9825,1,0.9965,0.855,0.0015,0.952,0.9975,0.0405,0.7135,0.999,1,1,0.781,1,1,1,0.9945,0.7025,0.98
qNet-vmax-vrest-camax-CaTD50,0.8125,0.625,0.75,0.945454545,0.698412698,0.854166667,0.6,0.428571429,0.75,0.909090909,0.666666667,0.75,6.599938401,1.92856725,2.999992,0.4000006,0.734694219,0.333334222,0.727272727,0.5,0.6,0.239586016,0.91943128,0.777777778,-13.93317995,14.26131773,-40.09909988,-6.990814889,-0.202198295,0.95038336,-5.849236606,64.09733802,41.22437831,-88.02084897,0.000245491,314.3122396,12.52235177,0.812209574,0.009432504,1.78E-05,14.34918714,1,0.999,0.3485,1,1,0.995,0.983,1,0.893,0.9825,0.997,0.9975,0.8775,0.0025,0.9245,1,0.0045,0.862,0.9915,1,1,0.8325,1,1,1,0.99,0.5005,0.9835
qNet-vmax-vrest-camax-CaTD90,0.8125,0.625,0.75,0.945454545,0.73015873,0.875,0.6,0.571428571,0.75,0.909090909,0.666666667,0.75,6.599938401,1.92856725,2.999992,0.440000616,0.642857679,0.333334222,0.666666667,0.571428571,0.6,0.247450115,0.928909953,0.777777778,-17.25251226,12.74804748,-9.564829006,0.496333567,19.4342123,17.60248044,30.11876291,64.09733802,41.22437831,-88.02084897,0.000245491,747.0841354,12.52235177,0.812209574,0.009432504,1.78E-05,29.43244193,1,0.9995,0.441,1,1,0.9985,0.996,1,0.979,0.9865,1,0.996,0.917,0.002,0.9535,0.9975,0.043,0.9615,0.999,1,1,0.791,1,1,1,0.999,0.0335,0.9885
qNet-vmax-vrest-carest-CaTD50,0.8125,0.625,0.75,0.945454545,0.698412698,0.854166667,0.6,0.428571429,0.75,0.909090909,0.666666667,0.75,6.599938401,1.92856725,2.999992,0.4000006,0.734694219,0.333334222,0.727272727,0.5,0.6,0.242829024,0.91943128,0.777777778,-13.95241919,14.33615122,-43.12986142,-8.237165737,-0.087162987,-0.857210816,-7.677266887,64.09733802,41.22437831,-88.02084897,7.48E-05,314.3122396,12.52235177,0.812209574,0.009432504,9.00E-07,14.34918714,1,0.9985,0.3385,1,1,0.995,0.9835,0.9995,0.8905,0.983,0.9965,0.998,0.881,0.0035,0.926,0.9995,0.0045,0.8855,0.994,1,1,0.8395,1,1,1,0.991,0.4265,0.9835
qNet-vmax-vrest-carest-CaTD90,0.8125,0.625,0.75,0.945454545,0.73015873,0.895833333,0.6,0.428571429,0.75,0.818181818,0.666666667,0.75,5.49997525,1.92856725,2.999992,0.4000006,0.642857679,0.333334222,0.727272727,0.545454545,0.6,0.222587764,0.928909953,0.777777778,-13.23440318,13.92149244,-15.43239968,-4.369604627,11.85714292,10.33724101,18.36069359,64.09733802,41.22437831,-88.02084897,7.48E-05,747.0841354,12.52235177,0.812209574,0.009432504,9.00E-07,29.43244193,1,1,0.5125,1,1,0.996,0.997,1,0.965,0.9825,1,0.997,0.8545,0.0015,0.9395,0.9975,0.032,0.7325,0.998,1,1,0.785,1,1,1,0.994,0.692,0.981
qNet-vmax-vrest-max_dv-camax,0.8125,0.625,0.75,0.945454545,0.714285714,0.854166667,0.6,0.428571429,0.75,0.818181818,0.666666667,0.75,5.49997525,1.92856725,2.999992,0.4000006,0.734694219,0.333334222,0.727272727,0.5,0.6,0.234454486,0.91943128,0.777777778,-13.29831965,13.9384501,-30.07892625,-3.685425167,1.842776904,0.833653336,5.444360816,64.09733802,41.22437831,-88.02084897,-0.298881594,0.000245491,12.52235177,0.812209574,0.009432504,0.064078571,1.78E-05,1,1,0.408,1,1,0.993,0.9875,1,0.907,0.98,0.999,0.995,0.851,0.001,0.923,1,0.008,0.7545,0.9905,1,1,0.818,1,1,1,0.989,0.6575,0.9815
qNet-vmax-vrest-max_dv-carest,0.8125,0.625,0.75,0.945454545,0.714285714,0.875,0.6,0.428571429,0.75,0.818181818,0.666666667,0.75,5.49997525,1.92856725,2.999992,0.4000006,0.734694219,0.333334222,0.727272727,0.5,0.6,0.232031203,0.91943128,0.777777778,-12.18024801,13.94487396,-29.01406282,-5.186384712,1.534418051,0.672558015,4.182420909,64.09733802,41.22437831,-88.02084897,-0.298881594,7.48E-05,12.52235177,0.812209574,0.009432504,0.064078571,9.00E-07,1,1,0.4485,1,1,0.9925,0.9895,1,0.916,0.9785,0.9985,0.995,0.826,5.00E-04,0.922,1,0.0075,0.695,0.9905,1,1,0.8125,1,1,1,0.988,0.7385,0.977
qNet-vrest-APD50-APD90-camax,0.8125,0.625,0.75,0.927272727,0.73015873,0.875,0.6,0.428571429,0.75,0.818181818,0.666666667,0.75,5.49997525,1.92856725,2.999992,0.440000616,0.642857679,0.333334222,0.666666667,0.545454545,0.6,0.220477436,0.933649289,0.777777778,-15.36003355,12.28376551,-47.11397309,-11.1697587,-105.8745705,93.16675145,11.02228776,64.09733802,-88.02084897,286.8620938,363.9871979,0.000245491,12.52235177,0.009432504,53.76993945,83.19192952,1.78E-05,1,0.9995,0.5415,1,1,0.9955,0.996,1,0.966,0.9855,1,0.997,0.865,0.002,0.9615,0.998,0.031,0.7715,0.9985,1,1,0.76,1,1,1,0.9925,0.649,0.9825
qNet-vrest-APD50-APD90-carest,0.8125,0.625,0.75,0.945454545,0.73015873,0.895833333,0.6,0.428571429,0.75,0.818181818,0.666666667,0.75,5.49997525,1.92856725,2.999992,0.440000616,0.642857679,0.333334222,0.666666667,0.545454545,0.6,0.22142284,0.933649289,0.777777778,-12.89582784,14.15409186,-10.85809932,16.49093076,18.54240646,7.555574484,-1.730328709,64.09733802,-88.02084897,286.8620938,363.9871979,7.48E-05,12.52235177,0.009432504,53.76993945,83.19192952,9.00E-07,1,0.9995,0.522,1,1,0.996,0.996,1,0.9775,0.982,1,0.9965,0.8575,0.0015,0.947,0.9975,0.0395,0.7375,0.999,1,1,0.7835,1,1,1,0.995,0.6675,0.98
qNet-vrest-APD50-APD90-CaTD50,0.8125,0.625,0.75,0.945454545,0.698412698,0.875,0.6,0.571428571,0.75,0.909090909,0.666666667,0.75,6.599938401,1.92856725,2.999992,0.440000616,0.642857679,0.333334222,0.666666667,0.571428571,0.6,0.234989468,0.928909953,0.777777778,-18.83282625,10.3976075,-54.42328543,-12.60834156,-95.44105384,97.898128,-12.66339243,64.09733802,-88.02084897,286.8620938,363.9871979,314.3122396,12.52235177,0.009432504,53.76993945,83.19192952,14.34918714,1,0.998,0.4595,1,1,0.9985,0.9955,1,0.955,0.99,1,0.9985,0.9025,0.003,0.9635,0.999,0.0295,0.9005,0.9985,0.9995,1,0.775,1,1,1,0.997,0.3275,0.9885
qNet-vrest-APD50-APD90-CaTD90,0.8125,0.625,0.75,0.945454545,0.73015873,0.895833333,0.6,0.428571429,0.75,0.818181818,0.666666667,0.75,5.49997525,1.92856725,2.999992,0.4000006,0.642857679,0.333334222,0.727272727,0.545454545,0.6,0.220604213,0.933649289,0.777777778,-13.03197562,14.04126369,-12.29854895,14.74254922,10.95662204,11.40250099,1.908666252,64.09733802,-88.02084897,286.8620938,363.9871979,747.0841354,12.52235177,0.009432504,53.76993945,83.19192952,29.43244193,1,0.9995,0.5255,1,1,0.996,0.9965,1,0.976,0.982,1,0.9965,0.857,0.001,0.9475,0.9975,0.0405,0.729,0.999,1,1,0.7845,1,1,1,0.9955,0.6855,0.9805
qNet-vrest-APD50-camax-CaTD50,0.8125,0.625,0.75,0.945454545,0.714285714,0.864583333,0.6,0.428571429,0.75,0.909090909,0.666666667,0.75,6.599938401,1.92856725,2.999992,0.4000006,0.642857679,0.333334222,0.727272727,0.545454545,0.6,0.232535576,0.928909953,0.777777778,-18.42181166,11.6742969,-18.11921641,16.00131814,52.30807463,-18.46122427,-18.53364306,64.09733802,-88.02084897,286.8620938,0.000245491,314.3122396,12.52235177,0.009432504,53.76993945,1.78E-05,14.34918714,1,0.997,0.4085,1,0.9995,0.999,0.996,0.9995,0.952,0.989,1,0.997,0.904,0.0025,0.9395,0.9995,0.0265,0.884,0.998,1,1,0.798,1,1,1,0.9995,0.443,0.988
qNet-vrest-APD50-carest-CaTD50,0.8125,0.625,0.75,0.945454545,0.714285714,0.854166667,0.6,0.571428571,0.75,0.909090909,0.666666667,0.75,6.599938401,1.92856725,2.999992,0.4000006,0.642857679,0.333334222,0.727272727,0.571428571,0.6,0.251097913,0.924170616,0.777777778,-19.01307803,12.103035,-20.25929037,20.66642787,46.14106379,-13.59114369,-13.92532466,64.09733802,-88.02084897,286.8620938,7.48E-05,314.3122396,12.52235177,0.009432504,53.76993945,9.00E-07,14.34918714,1,0.9975,0.3895,1,1,0.999,0.9935,1,0.9555,0.99,1,0.998,0.918,0.003,0.9485,0.999,0.0315,0.958,0.999,0.9995,0.9935,0.8245,1,1,1,0.9985,0.039,0.989
qNet-vrest-APD50-carest-CaTD90,0.8125,0.625,0.75,0.945454545,0.73015873,0.895833333,0.6,0.428571429,0.75,0.818181818,0.666666667,0.75,5.49997525,1.92856725,2.999992,0.440000616,0.642857679,0.333334222,0.666666667,0.545454545,0.6,0.221895113,0.928909953,0.777777778,-12.87599323,14.2126199,-8.226066591,18.56291863,27.81873781,-1.901159803,1.100691914,64.09733802,-88.02084897,286.8620938,7.48E-05,747.0841354,12.52235177,0.009432504,53.76993945,9.00E-07,29.43244193,1,0.9995,0.515,1,1,0.996,0.9955,1,0.9775,0.981,1,0.996,0.8615,0.0015,0.9445,0.9975,0.0395,0.742,0.999,1,1,0.7885,1,1,1,0.995,0.6565,0.981
qNet-vrest-APD90-camax-carest,0.8125,0.625,0.75,0.927272727,0.714285714,0.875,0.6,0.571428571,0.75,0.909090909,0.666666667,0.75,6.599938401,1.714283571,2.999992,0.440000616,0.642857679,0.333334222,0.666666667,0.571428571,0.6,0.251632583,0.928909953,0.777777778,-15.68184975,13.54848391,-23.0039869,16.32862356,17.51988029,20.41179525,-18.09132428,64.09733802,-88.02084897,363.9871979,0.000245491,7.48E-05,12.52235177,0.009432504,83.19192952,1.78E-05,9.00E-07,1,0.9985,0.424,1,1,0.9975,0.993,1,0.9675,0.987,1,0.9975,0.91,0.003,0.956,0.9975,0.0365,0.9505,0.999,0.9995,0.9125,0.8135,1,1,1,0.995,0.0795,0.986
qNet-vrest-APD90-camax-CaTD50,0.8125,0.625,0.75,0.945454545,0.73015873,0.864583333,0.6,0.428571429,0.75,0.909090909,0.666666667,0.75,6.599938401,1.92856725,2.999992,0.440000616,0.642857679,0.333334222,0.666666667,0.545454545,0.6,0.232378216,0.928909953,0.777777778,-19.71708639,10.2838704,-32.88715207,5.127440001,38.80801656,-14.63499471,-19.53206125,64.09733802,-88.02084897,363.9871979,0.000245491,314.3122396,12.52235177,0.009432504,83.19192952,1.78E-05,14.34918714,1,0.997,0.4315,1,0.9995,0.999,0.9955,0.9985,0.9515,0.9895,1,0.997,0.9015,0.003,0.9505,0.9995,0.0275,0.8815,0.999,1,1,0.788,1,1,1,0.9995,0.4265,0.988
qNet-vrest-APD90-carest-CaTD50,0.875,0.625,0.75,0.945454545,0.714285714,0.854166667,0.6,0.571428571,0.75,0.909090909,0.666666667,0.75,8.799914201,1.92856725,2.999992,0.4000006,0.642857679,0.333334222,0.75,0.571428571,0.6,0.248959136,0.928909953,0.777777778,-19.81801269,10.99810577,-33.07600194,9.850021371,34.24377218,-10.64992214,-15.30096918,64.09733802,-88.02084897,363.9871979,7.48E-05,314.3122396,12.52235177,0.009432504,83.19192952,9.00E-07,14.34918714,1,0.998,0.406,1,1,0.999,0.994,1,0.954,0.99,1,0.998,0.916,0.003,0.9565,0.999,0.0295,0.9505,0.999,0.9995,0.998,0.8145,1,1,1,0.9985,0.067,0.99
qNet-vrest-APD90-carest-CaTD90,0.8125,0.625,0.75,0.945454545,0.746031746,0.895833333,0.6,0.428571429,0.75,0.818181818,0.666666667,0.75,5.49997525,2.142853714,2.999992,0.4000006,0.642857679,0.333334222,0.727272727,0.545454545,0.6,0.219848535,0.933649289,0.777777778,-13.0752066,13.94820958,-15.10543243,12.3834646,19.76862264,0.606796297,1.42885639,64.09733802,-88.02084897,363.9871979,7.48E-05,747.0841354,12.52235177,0.009432504,83.19192952,9.00E-07,29.43244193,1,0.9995,0.5355,1,1,0.996,0.9965,1,0.9765,0.983,1,0.9965,0.8545,0.0015,0.9505,0.9975,0.0405,0.719,0.999,1,1,0.781,1,1,1,0.995,0.6995,0.98
qNet-vrest-APD90-CaTD50-CaTD90,0.875,0.625,0.75,0.945454545,0.714285714,0.854166667,0.6,0.571428571,0.75,0.909090909,0.666666667,0.75,8.799914201,1.714283571,2.999992,0.4000006,0.642857545,0.333334222,0.75,0.571428571,0.6,0.25487264,0.924170616,0.777777778,-24.47961516,7.818903006,-29.78653676,11.71362412,20.28181754,-23.18559884,32.08234013,64.09733802,-88.02084897,363.9871979,314.3122396,747.0841354,12.52235177,0.009432504,83.19192952,14.34918714,29.43244193,1,0.997,0.358,1,1,1,0.996,1,0.955,0.992,1,0.998,0.9345,0.003,0.952,0.9995,0.03,0.9995,0.999,0.9995,0.9285,0.838,1,1,1,1,0.003,0.991
qNet-vrest-max_dv-camax-carest,0.8125,0.625,0.75,0.927272727,0.682539683,0.854166667,0.6,0.428571429,0.75,0.909090909,0.666666667,0.75,6.599938401,1.714283571,2.999992,0.440000616,0.642857679,0.333334222,0.666666667,0.545454545,0.6,0.253364708,0.91943128,0.777777778,-16.02185636,13.14030647,-30.56438716,10.25763874,5.929214002,28.29607394,-21.84879695,64.09733802,-88.02084897,-0.298881594,0.000245491,7.48E-05,12.52235177,0.009432504,0.064078571,1.78E-05,9.00E-07,1,0.9985,0.347,1,1,0.9965,0.991,1,0.9225,0.9845,0.9985,0.9965,0.9005,0.003,0.935,0.9995,0.013,0.9375,0.9975,0.9995,0.9835,0.836,1,1,1,0.994,0.15,0.9845
qNet-vrest-max_dv-camax-CaTD50,0.8125,0.625,0.75,0.945454545,0.714285714,0.854166667,0.6,0.428571429,0.75,0.818181818,0.666666667,0.75,5.49997525,1.92856725,2.999992,0.440000616,0.734694219,0.333334222,0.666666667,0.5,0.6,0.23854607,0.924170616,0.777777778,-14.86841585,12.6885805,-31.36705117,-0.153154992,11.90224005,-1.44616713,-9.045017381,64.09733802,-88.02084897,-0.298881594,0.000245491,314.3122396,12.52235177,0.009432504,0.064078571,1.78E-05,14.34918714,1,0.9985,0.3425,1,1,0.996,0.9885,0.999,0.919,0.9835,0.998,0.996,0.856,0.002,0.9225,1,0.011,0.7265,0.9935,1,1,0.7905,1,1,1,0.995,0.6935,0.983
qNet-vrest-max_dv-carest-CaTD90,0.8125,0.625,0.75,0.945454545,0.714285714,0.854166667,0.6,0.428571429,0.75,0.909090909,0.666666667,0.75,6.599938401,1.92856725,2.999992,0.4000006,0.642857679,0.333334222,0.727272727,0.545454545,0.6,0.23791676,0.928909953,0.777777778,-15.24805106,12.62320546,-10.80806777,8.082599579,-10.06553955,20.09890289,33.74030435,64.09733802,-88.02084897,-0.298881594,7.48E-05,747.0841354,12.52235177,0.009432504,0.064078571,9.00E-07,29.43244193,1,1,0.4085,1,1,0.9955,0.9885,1,0.9635,0.9855,0.9985,0.992,0.9005,0,0.9295,0.999,0.023,0.91,0.99,1,1,0.8285,1,1,1,0.9975,0.313,0.9845
qNet-vrest-max_dv-CaTD50-CaTD90,0.875,0.6875,0.75,0.945454545,0.714285714,0.833333333,0.6,0.571428571,0.75,0.909090909,0.666666667,0.75,8.799914201,2.142853714,2.999992,0.4000006,0.551020985,0.333334222,0.75,0.615384615,0.6,0.258623298,0.91943128,0.777777778,-24.27239898,7.208599169,-37.11344125,9.80775932,9.806530429,-30.75941993,44.7459416,64.09733802,-88.02084897,-0.298881594,314.3122396,747.0841354,12.52235177,0.009432504,0.064078571,14.34918714,29.43244193,1,0.996,0.2115,1,1,0.9995,0.9955,1,0.939,0.9905,0.998,0.9995,0.9275,0.005,0.942,1,0.017,0.9955,0.9975,1,0.9965,0.9075,1,1,1,1,0.0045,0.9885
vmax-APD50-max_dv-carest-CaTD90,0.875,0.625,0.75,0.927272727,0.698412698,0.8125,0.6,0.428571429,0.75,0.909090909,0.666666667,0.75,8.799914201,1.92856725,2.999992,0.4000006,0.734694219,0.333334222,0.75,0.5,0.6,0.260596927,0.909952607,0.777777778,-16.29535615,6.856802835,6.530094234,3.882352899,-28.47883239,33.26591187,56.93352083,41.22437831,286.8620938,-0.298881594,7.48E-05,747.0841354,0.812209574,53.76993945,0.064078571,9.00E-07,29.43244193,1,1,0.3015,1,1,0.998,0.928,1,0.873,0.953,0.9975,0.9585,0.9025,0,0.917,0.9955,0.007,0.999,0.9705,0.999,0.9935,0.9435,1,1,0.996,0.972,0.0385,0.9845
vmax-vrest-APD50-APD90-camax,0.8125,0.625,0.75,0.945454545,0.73015873,0.885416667,0.6,0.428571429,0.75,0.818181818,0.666666667,0.75,5.49997525,1.92856725,2.999992,0.4000006,0.714286,0.333334222,0.727272727,0.5,0.6,0.224729397,0.928909953,0.777777778,-12.40294202,14.69874363,0.386742422,22.94204578,62.98738107,-25.74935751,-4.715681538,41.22437831,-88.02084897,286.8620938,363.9871979,0.000245491,0.812209574,0.009432504,53.76993945,83.19192952,1.78E-05,1,0.9995,0.5055,1,0.997,0.995,0.9955,1,0.968,0.9775,1,0.9935,0.832,0,0.932,0.9985,0.033,0.6715,0.998,1,1,0.799,1,1,1,0.993,0.7465,0.979
vmax-vrest-APD50-APD90-carest,0.8125,0.625,0.75,0.945454545,0.73015873,0.895833333,0.6,0.428571429,0.75,0.818181818,0.666666667,0.75,5.49997525,1.92856725,2.999992,0.4000006,0.642857679,0.333334222,0.727272727,0.545454545,0.6,0.222650732,0.928909953,0.777777778,-12.56186627,14.51765488,0.069822131,26.17300354,59.30942712,-20.94119053,-5.444165483,41.22437831,-88.02084897,286.8620938,363.9871979,7.48E-05,0.812209574,0.009432504,53.76993945,83.19192952,9.00E-07,1,0.9995,0.4945,1,1,0.996,0.995,1,0.9805,0.982,1,0.996,0.866,0.0015,0.943,0.9975,0.0415,0.7895,0.999,1,1,0.798,1,1,1,0.9955,0.6,0.981
vmax-vrest-APD50-APD90-CaTD90,0.8125,0.625,0.75,0.945454545,0.73015873,0.895833333,0.6,0.428571429,0.75,0.818181818,0.666666667,0.75,5.49997525,1.92856725,2.999992,0.440000616,0.642857679,0.333334222,0.666666667,0.545454545,0.6,0.223784119,0.928909953,0.777777778,-12.80411708,14.41464404,-1.562933764,25.57350371,54.45744944,-26.30587571,9.342997345,41.22437831,-88.02084897,286.8620938,363.9871979,747.0841354,0.812209574,0.009432504,53.76993945,83.19192952,29.43244193,1,0.9995,0.4895,1,1,0.996,0.9965,1,0.978,0.981,1,0.996,0.864,0.0015,0.941,0.997,0.041,0.748,0.999,1,1,0.7985,1,1,1,0.996,0.635,0.9815
vmax-vrest-APD50-camax-CaTD50,0.8125,0.625,0.75,0.945454545,0.73015873,0.875,0.6,0.428571429,0.75,0.909090909,0.666666667,0.75,6.599938401,1.92856725,2.999992,0.4000006,0.642857679,0.333334222,0.727272727,0.545454545,0.6,0.225139474,0.928909953,0.777777778,-18.71671575,9.616062837,7.281066212,23.82250403,79.19055237,-26.92120948,-22.09055946,41.22437831,-88.02084897,286.8620938,0.000245491,314.3122396,0.812209574,0.009432504,53.76993945,1.78E-05,14.34918714,1,0.9945,0.4165,1,0.9995,0.999,0.9965,0.9985,0.9785,0.987,1,0.997,0.893,0.0015,0.95,0.996,0.0405,0.831,0.9995,1,1,0.8095,1,1,1,0.999,0.5565,0.986
vmax-vrest-APD50-carest-CaTD90,0.8125,0.625,0.8125,0.945454545,0.746031746,0.895833333,0.6,0.428571429,0.75,0.818181818,0.666666667,0.75,5.49997525,2.142853714,3.999988,0.440000616,0.642857679,0.30000084,0.666666667,0.545454545,0.666666667,0.220163403,0.933649289,0.777777778,-12.36650942,14.27073246,2.147379169,25.6895806,43.31893299,-7.780285307,-3.833385509,41.22437831,-88.02084897,286.8620938,7.48E-05,747.0841354,0.812209574,0.009432504,53.76993945,9.00E-07,29.43244193,1,0.9995,0.518,1,1,0.996,0.9945,1,0.9885,0.981,1,0.9965,0.8605,0.002,0.9645,0.996,0.0465,0.759,0.999,1,1,0.7875,1,1,1,0.9955,0.627,0.98
vmax-vrest-APD90-camax-CaTD50,0.8125,0.6875,0.8125,0.945454545,0.746031746,0.895833333,0.6,0.428571429,0.75,0.818181818,0.666666667,0.833333333,5.49997525,2.142853714,4.499979,0.440000616,0.642857545,0.30000084,0.666666667,0.545454545,0.666666667,0.218183005,0.933649289,0.777777778,-12.79385724,12.49254092,10.50408826,20.84603116,58.85942493,-17.39027556,-10.71069872,41.22437831,-88.02084897,363.9871979,0.000245491,314.3122396,0.812209574,0.009432504,83.19192952,1.78E-05,14.34918714,1,0.9955,0.4515,1,1,0.997,0.9945,1,1,0.9775,1,0.998,0.871,0.003,0.9915,0.9895,0.0745,0.6985,0.999,1,1,0.8085,1,1,1,0.9885,0.687,0.98
vmax-vrest-APD90-carest-CaTD50,0.8125,0.6875,0.8125,0.945454545,0.73015873,0.875,0.6,0.571428571,0.75,0.909090909,0.666666667,0.833333333,6.599938401,2.142853714,4.499979,0.440000616,0.551020985,0.30000084,0.666666667,0.615384615,0.666666667,0.240847766,0.924170616,0.777777778,-18.00480547,8.918679019,17.60252863,23.20439069,69.43864846,-17.27871084,-13.04030833,41.22437831,-88.02084897,363.9871979,7.48E-05,314.3122396,0.812209574,0.009432504,83.19192952,9.00E-07,14.34918714,1,0.9955,0.405,1,1,0.9985,0.992,1,0.999,0.9825,1,0.9975,0.925,0.0025,0.991,0.9895,0.065,0.9445,0.999,1,0.937,0.831,1,1,1,0.996,0.1275,0.986
vmax-vrest-APD90-carest-CaTD90,0.8125,0.6875,0.8125,0.945,0.746031746,0.916666667,0.6,0.428571429,0.75,0.818181818,0.666666667,0.833333333,5.49997525,2.142853714,4.499979,0.4000006,0.642857545,0.30000084,0.727272727,0.545454545,0.666666667,0.214651799,0.938388626,0.805555556,-12.44252892,14.10880382,0.395820979,24.85942939,23.28157373,2.959829025,16.67698115,41.22437831,-88.02084897,363.9871979,7.48E-05,747.0841354,0.812209574,0.009432504,83.19192952,9.00E-07,29.43244193,1,0.9985,0.5415,1,1,0.9945,0.9955,1,0.9995,0.9805,1,0.997,0.8505,0.003,0.9885,0.993,0.0675,0.6935,0.9975,1,1,0.7725,1,1,1,0.9945,0.7235,0.978
vmax-vrest-carest-CaTD50-CaTD90,0.875,0.6875,0.8125,0.945454545,0.73015873,0.833333333,0.6,0.571428571,0.75,0.909090909,0.666666667,0.75,8.799914201,2.142853714,3.999988,0.4000006,0.551020985,0.30000084,0.75,0.615384615,0.666666667,0.246733819,0.924170616,0.777777778,-25.17049251,5.480778673,4.56117647,24.88972,21.28852936,-24.3306816,85.44092716,41.22437831,-88.02084897,7.48E-05,314.3122396,747.0841354,0.812209574,0.009432504,9.00E-07,14.34918714,29.43244193,1,0.9975,0.303,1,1,1,0.9945,1,0.9925,0.9895,1,0.997,0.939,0.003,0.973,0.9955,0.0535,1,0.999,1,0.99,0.8735,1,1,1,1,0.009,0.99
vmax-vrest-max_dv-carest-CaTD90,0.875,0.6875,0.75,0.945454545,0.73015873,0.875,0.6,0.571428571,0.75,0.909090909,0.666666667,0.75,8.799914201,2.142853714,2.999992,0.4000006,0.551020985,0.333334222,0.75,0.615384615,0.6,0.238734052,0.933649289,0.777777778,-17.52829804,12.17939049,-10.48978919,24.78433503,-25.9018179,33.02757419,69.92384405,41.22437831,-88.02084897,-0.298881594,7.48E-05,747.0841354,0.812209574,0.009432504,0.064078571,9.00E-07,29.43244193,1,1,0.528,1,1,0.998,0.994,1,0.981,0.9875,1,0.9955,0.915,0.0015,0.9645,0.995,0.044,0.9995,0.9985,1,0.9925,0.822,1,1,0.999,0.998,0.0125,0.99
vrest-APD50-APD90-camax-CaTD50,0.8125,0.625,0.75,0.945454545,0.73015873,0.875,0.6,0.428571429,0.75,0.909090909,0.666666667,0.75,6.599938401,1.92856725,2.999992,0.4000006,0.642857679,0.333334222,0.727272727,0.545454545,0.6,0.231030601,0.928909953,0.777777778,-16.27178028,13.25880299,29.24035295,105.8047864,-38.15649678,-22.81178561,-16.54295094,-88.02084897,286.8620938,363.9871979,0.000245491,314.3122396,0.009432504,53.76993945,83.19192952,1.78E-05,14.34918714,1,0.997,0.3985,1,0.995,0.999,0.9965,1,0.9665,0.989,1,0.997,0.899,0.0025,0.936,0.999,0.034,0.8715,0.999,1,1,0.7995,1,1,1,0.999,0.482,0.9875
vrest-APD50-APD90-carest-CaTD90,0.8125,0.625,0.75,0.945454545,0.73015873,0.895833333,0.6,0.428571429,0.75,0.818181818,0.666666667,0.75,5.49997525,1.92856725,2.999992,0.440000616,0.642857679,0.333334222,0.666666667,0.545454545,0.6,0.223122983,0.928909953,0.777777778,-12.60614831,14.46066082,25.88749861,57.74049039,-20.97537409,-4.552291918,1.433897859,-88.02084897,286.8620938,363.9871979,7.48E-05,747.0841354,0.009432504,53.76993945,83.19192952,9.00E-07,29.43244193,1,0.9995,0.491,1,1,0.996,0.995,1,0.9805,0.9815,1,0.996,0.8665,0.0015,0.9425,0.9975,0.0415,0.78,0.999,1,1,0.798,1,1,1,0.9955,0.6055,0.9815
vrest-APD50-camax-CaTD50-CaTD90,0.8125,0.6875,0.8125,0.945454545,0.746031746,0.875,0.6,0.571428571,0.75,0.909090909,0.666666667,0.833333333,8.799914201,2.142853714,4.499979,0.440000616,0.551020985,0.30000084,0.666666667,0.615384615,0.666666667,0.248519577,0.933649289,0.777777778,-23.4489809,8.202127431,32.23436465,6.819366903,19.66937216,-11.087162,59.46333108,-88.02084897,286.8620938,0.000245491,314.3122396,747.0841354,0.009432504,53.76993945,1.78E-05,14.34918714,29.43244193,1,0.998,0.4325,1,1,1,0.995,1,0.9985,0.9895,1,0.997,0.933,0.0035,0.9865,0.995,0.065,1,0.9985,0.9995,0.8815,0.8005,1,1,1,1,0.0025,0.9915
vrest-APD90-camax-carest-CaTD50,0.8125,0.6875,0.8125,0.927272727,0.761904762,0.916666667,0.6,0.428571429,0.75,0.818181818,0.666666667,0.833333333,5.49997525,2.142853714,4.499979,0.440000616,0.642857545,0.30000084,0.666666667,0.571428571,0.666666667,0.212132188,0.938388626,0.805555556,-12.39377363,15.06488632,32.52121064,38.21478423,11.55221066,-15.10043895,4.185226979,-88.02084897,363.9871979,0.000245491,7.48E-05,314.3122396,0.009432504,83.19192952,1.78E-05,9.00E-07,14.34918714,1,0.998,0.633,0.998,1,0.996,0.995,1,1,0.9845,1,0.9995,0.865,0.009,0.994,0.9865,0.093,0.746,0.9915,1,1,0.734,1,1,1,0.9905,0.6035,0.982
vrest-APD90-carest-CaTD50-CaTD90,0.875,0.6875,0.8125,0.945454545,0.73015873,0.854166667,0.6,0.571428571,0.75,0.909090909,0.666666667,0.75,8.799914201,2.142853714,3.999988,0.4000006,0.551020985,0.30000084,0.75,0.615384615,0.666666667,0.245973276,0.928909953,0.777777778,-23.47595415,7.125031421,26.13362748,-7.772380283,24.10203491,-20.71520822,85.19983528,-88.02084897,363.9871979,7.48E-05,314.3122396,747.0841354,0.009432504,83.19192952,9.00E-07,14.34918714,29.43244193,1,0.9975,0.3185,1,1,1,0.9935,1,0.9965,0.99,1,0.9975,0.932,0.003,0.976,0.9955,0.06,1,0.9985,1,0.9975,0.849,1,1,1,1,0.012,0.9895
vrest-camax-carest-CaTD50-CaTD90,0.875,0.6875,0.8125,0.945454545,0.746031746,0.875,0.6,0.571428571,0.75,0.909090909,0.666666667,0.833333333,8.799914201,2.142853714,4.499979,0.4000006,0.551020985,0.30000084,0.75,0.615384615,0.666666667,0.244147117,0.933649289,0.777777778,-23.71552819,8.084258945,31.50960496,20.98414372,2.757775094,-10.91366569,65.7091257,-88.02084897,0.000245491,7.48E-05,314.3122396,747.0841354,0.009432504,1.78E-05,9.00E-07,14.34918714,29.43244193,1,0.998,0.4175,1,1,1,0.995,1,0.999,0.989,1,0.997,0.934,0.0035,0.986,0.9955,0.0645,1,0.9985,0.9995,0.963,0.8025,1,1,1,1,0.003,0.992
vrest-max_dv-camax-carest-CaTD50,0.8125,0.625,0.8125,0.927272727,0.73015873,0.916666667,0.6,0.428571429,0.75,0.818181818,0.666666667,0.833333333,4.3999813,1.92856725,4.499979,0.440000616,0.642857679,0.30000084,0.666666667,0.545454545,0.666666667,0.218714975,0.928909953,0.777777778,-8.449752543,10.85068107,27.0492037,7.061437187,42.66135776,-30.31851372,15.35646856,-88.02084897,-0.298881594,0.000245491,7.48E-05,314.3122396,0.009432504,0.064078571,1.78E-05,9.00E-07,14.34918714,1,0.999,0.6,1,1,0.981,0.9935,1,0.9965,0.9565,1,0.9945,0.811,0.0055,0.9805,0.983,0.0685,0.7465,0.9845,0.9995,0.9995,0.7695,1,1,1,0.95,0.601,0.9625
