Feature_Pair,Accuracy_Class_1,Accuracy_Class_2,Accuracy_Class_3,AUC_Class_1,AUC_Class_2,AUC_Class_3,Sensitivity_class_1,Sensitivity_class_2,Sensitivity_class_3,Specificity_class_1,Specificity_class_2,Specificity_class_3,LR_positive_class_1,LR_positive_class_2,LR_positive_class_3,LR_negative_class_1,LR_negative_class_2,LR_negative_class_3,F1score_class_1,F1score_class_2,F1score_class_3,Classification_error,Pairwise_classification_accuracy,Rank_score,Alpha_1,Alpha_2,Beta_1,Beta_2,Beta_3,Beta_4,Beta_5,Mean_1,Mean_2,Mean_3,Mean_4,Mean_5,SD_1,SD_2,SD_3,SD_4,SD_5,azimilide,bepridil,disopyramide,dofetilide,ibutilide,quinidine,sotalol,vandetanib,astemizole,chlorpromazine,cisapride,clarithromycin,clozapine,domperidone,droperidol,ondansetron,pimozide,risperidone,terfenadine,diltiazem,loratadine,metoprolol,mexiletine,nifedipine,nitrendipine,ranolazine,tamoxifen,verapamil
dvdtmax-vmax-vrest-max_dv-camax,0.75,0.6875,0.875,0.927272727,0.873015873,0.9375,1,0.285714286,1,0.636363636,1,0.833333333,2.749995188,142858.3543,5.99997,1.57E-06,0.714286,1.20E-06,0.714285714,0.444444444,0.8,0.209958818,0.961966825,0.9,1.088708328,39.91194471,-79.90286763,77.09350847,85.34616916,57.71109256,-70.87629672,72.03390709,40.81753408,-88.03022061,-0.292902106,0.000222565,2.416227739,1.184759215,0.020798121,0.063732419,3.76E-05,1,1,0.9985,0.9505,1,0.999,0.998,1,0.9605,0.977,0.9935,0.8565,0.4675,0.3325,0.6365,0.9465,0.2015,0.27,0.983,1,1,0.992,0.995443038,1,1,0.9715,0.996,1
vmax-vrest-APD90-camax-CaTD50,0.8125,0.75,0.875,0.963636364,0.904761905,0.9375,1,0.428571429,1,0.818181818,1,0.833333333,4.3999813,428571.7115,5.99997,1.37E-06,0.571429,1.20E-06,0.769230769,0.6,0.8,0.159817898,0.966824645,0.9,1.013767991,20.95185509,15.79425756,48.85996971,50.10392516,-37.55512342,-2.400072235,40.81753408,-88.03022061,364.2659437,0.000222565,327.3555683,1.184759215,0.020798121,92.85975461,3.76E-05,22.17761135,1,1,1,0.9385,1,0.995,0.997,1,0.9915,0.9785,1,0.9245,0.554,0.7685,0.876,0.9565,0.1475,0.2475,0.9975,1,1,1,1,1,1,0.932,0.997,1
APD50-APD90-carest-CaTD50-CaTD90,0.875,0.6875,0.8125,0.981818182,0.80952381,0.916666667,1,0.285714286,1,0.818181818,1,0.75,5.49997525,285714.9327,3.999988,1.22E-06,0.714286,1.33E-06,0.833333333,0.444444444,0.727272727,0.242012957,0.914691943,0.9,-17.17951079,14.49048156,25.58856161,-30.2346948,95.58441431,52.2594701,32.41495888,287.2062878,364.2659437,7.28E-05,327.3555683,768.6720229,64.31807536,92.85975461,3.84E-06,22.17761135,46.44521373,1,1,1,0.9955,1,0.9975,0.967,1,0.904,0.4995,0.9995,0.99,0.407,0,0.8175,0.9475,0,0.084,0.324,1,1,1,1,1,1,0.1195,1,0.731
vmax-vrest-APD50-CaTD50-CaTD90,0.875,0.75,0.875,0.945454545,0.873015873,0.947916667,0.8,0.571428571,1,0.818181818,0.888888889,0.833333333,5.49997525,5.142819857,5.99997,0.244445368,0.48214344,1.33E-06,0.75,0.666666667,0.75,0.124957012,0.971563981,0.866666667,-32.13307747,-0.965679527,20.77456573,83.50513912,58.14042908,-85.54335857,182.7092952,40.81753408,-88.03022061,287.2062878,327.3555683,768.6720229,1.184759215,0.020798121,64.31807536,22.17761135,46.44521373,0.9995,1,0.98,0.9915,1,1,0.996,1,0.9715,0.998,0.999,0.9295,0.8745,0.9175,0.7855,0.9965,0.244,0.7465,1,1,0.9895,0.9945,1,1,1,0.995,0.6255,0.999
vrest-APD50-camax-CaTD50-CaTD90,0.8125,0.75,0.875,0.927272727,0.841269841,0.947916667,0.6,0.571428571,1,0.818181818,0.777777778,0.833333333,5.49997525,3.21427575,5.99997,0.4000006,0.48214344,1.20E-06,0.727272727,0.666666667,0.8,0.144122447,0.962085308,0.866666667,-24.56765446,6.448706718,95.14423059,78.25202424,-35.98992451,-59.68714691,105.2199542,-88.03022061,287.2062878,0.000222565,327.3555683,768.6720229,0.020798121,64.31807536,3.76E-05,22.17761135,46.44521373,1,1,0.999,0.986,1,1,0.9975,1,0.9915,0.9965,1,0.979,0.936,0.8865,0.8765,0.9915,0.1735,0.487,1,1,1,0.5185,1,1,1,0.989,0.9075,0.999
qNet-vmax-vrest-APD90-camax,0.8125,0.6875,0.875,0.872727273,0.793650794,0.9375,0.6,0.571428571,1,0.909090909,0.777777778,0.833333333,6.599938401,2.5714215,5.99997,0.440000616,0.551020985,1.33E-06,0.666666667,0.615384615,0.75,0.190022623,0.933649289,0.833333333,-3.301618758,36.60167157,-42.2871446,-3.183842511,50.19397848,18.36105558,-21.29909486,63.95253604,40.81753408,-88.03022061,364.2659437,0.000222565,15.85634121,1.184759215,0.020798121,92.85975461,3.76E-05,1,1,0.979,0.9955,1,1,0.996,1,0.949,0.999,1,0.963,0.9945,0.9845,0.8025,0.999,0.139,0.784,0.9965,1,0.9995,0,1,1,1,0.999,0.4395,1
qNet-vrest-APD90-camax-CaTD50,0.8125,0.6875,0.875,0.872727273,0.80952381,0.9375,0.6,0.571428571,1,0.909090909,0.777777778,0.833333333,6.599938401,2.5714215,5.99997,0.440000616,0.551020985,1.20E-06,0.666666667,0.615384615,0.8,0.181147442,0.933649289,0.833333333,-14.1326208,25.31522147,-46.63638981,42.28328518,43.39186766,-44.66911828,-18.99699144,63.95253604,-88.03022061,364.2659437,0.000222565,327.3555683,15.85634121,0.020798121,92.85975461,3.76E-05,22.17761135,1,1,0.9875,0.9955,1,1,0.9965,1,0.955,0.9985,1,0.9705,0.989,0.9965,0.8205,0.999,0.1365,0.6995,0.9955,1,1,0,1,1,1,0.998,0.63,1
qNet-vrest-max_dv-camax-CaTD50,0.8125,0.6875,0.875,0.890909091,0.793650794,0.9375,0.6,0.571428571,1,0.909090909,0.777777778,0.833333333,6.599938401,2.5714215,5.99997,0.440000616,0.551020985,1.33E-06,0.666666667,0.615384615,0.75,0.184524855,0.938388626,0.833333333,-5.035726819,35.01238628,-43.81507868,42.07901712,13.17506751,-18.82568438,-0.278840742,63.95253604,-88.03022061,-0.292902106,0.000222565,327.3555683,15.85634121,0.020798121,0.063732419,3.76E-05,22.17761135,1,1,0.986,0.9955,1,0.999,0.9945,1,0.9465,0.998,0.9995,0.964,0.9735,0.957,0.79,1,0.122,0.607,0.995,1,1,0,1,1,1,0.9975,0.769,1
dvdtmax-vmax-vrest-max_dv-CaTD50,0.875,0.6875,0.75,0.963636364,0.777777778,0.916666667,0.8,0.285714286,1,0.909090909,0.888888889,0.666666667,8.799914201,3.21427575,2.999994,0.220000858,0.714286,1.50E-06,0.8,0.444444444,0.666666667,0.240746933,0.943127962,0.833333333,18.51209599,58.5088682,-60.24864396,36.13792235,131.0265669,-10.75879168,83.97188741,72.03390709,40.81753408,-88.03022061,-0.292902106,327.3555683,2.416227739,1.184759215,0.020798121,0.063732419,22.17761135,1,1,1,0.995,0.995,0.9515,1,1,0.677,0.9995,0.724,0.9955,0.968,5.00E-04,0.264,0.3725,0.007,0.9015,0.3335,1,0.999,0.9995,0.999493671,1,1,0.9995,0.4155,1
dvdtmax-vmax-vrest-CaTD50-CaTD90,0.8125,0.6875,0.8125,0.927272727,0.825396825,0.9375,0.6,0.428571429,1,0.818181818,0.777777778,0.75,5.49997525,3.21427575,3.999988,0.440000616,0.571429,1.33E-06,0.666666667,0.6,0.727272727,0.154738428,0.962085308,0.833333333,12.47195271,43.02387878,-44.54453393,34.9622258,73.57864513,32.40424628,11.58601629,72.02405995,40.79794507,-88.03028897,327.3362708,768.6722188,2.434174718,1.331177912,0.020895704,22.17423484,46.4212134,1,1,0.9985,0.971,1,0.9995,0.9965,1,0.963,0.999,0.999,0.936,0.916,0.74,0.755,0.996,0.1395,0.8255,0.9895,1,0.9905,0.8085,0.9985,1,1,0.9985,0.5145,1
dvdtmax-vrest-APD50-camax-CaTD50,0.8125,0.75,0.875,0.909090909,0.857142857,0.947916667,0.8,0.428571429,1,0.818181818,0.888888889,0.833333333,3.666656889,3.85713,5.99997,0.244445368,0.571429,1.20E-06,0.727272727,0.6,0.8,0.149848978,0.962085308,0.833333333,-19.99077875,14.00410233,3.540817656,100.8246211,152.9057812,-127.7435336,-56.97992367,72.03390709,-88.03022061,287.2062878,0.000222565,327.3555683,2.416227739,0.020798121,64.31807536,3.76E-05,22.17761135,1,1,0.998,0.985,0.994,1,0.9965,1,0.9925,0.9955,1,0.9765,0.926,0.6045,0.8915,0.99,0.1565,0.4515,1,1,1,0.7325,1,1,1,0.9885,0.947,0.9995
dvdtmax-vrest-carest-CaTD50-CaTD90,0.875,0.75,0.8125,0.945454545,0.841269841,0.927083333,0.8,0.428571429,1,0.818181818,0.888888889,0.75,5.49997525,3.857117143,3.999988,0.220000858,0.571429,1.33E-06,0.8,0.6,0.727272727,0.174310511,0.962085308,0.833333333,-23.3692712,5.624100534,-20.65317437,76.7743705,86.61194564,-59.91136861,207.0930155,72.02405995,-88.03028897,7.28E-05,327.3362708,768.6722188,2.434174718,0.020895704,3.85E-06,22.17423484,46.4212134,1,1,1,0.979,1,1,0.9945,1,0.9985,0.9965,1,0.9975,0.93,0.127,0.9045,0.9875,0.097,0.489,1,1,1,0.85,1,1,1,0.987,0.8835,1
dvdtmax-APD50-camax-carest-CaTD50,0.75,0.6875,0.875,0.927272727,0.80952381,0.916666667,1,0.285714286,0.75,0.636363636,1,0.833333333,2.749995188,285714.5857,5.99997,1.57E-06,0.714286,0.272728066,0.714285714,0.444444444,0.75,0.242564318,0.928909953,0.833333333,1.568826926,7.279654517,0.164413758,26.59266629,-56.45562007,60.1997169,-12.11632015,72.03390709,287.2062878,0.000222565,7.28E-05,327.3555683,2.416227739,64.31807536,3.76E-05,3.84E-06,22.17761135,1,1,0.998,0.953,0.9735,0.997,0.755,1,0.934,0.531,0.9945,0.8525,0.362,0.014,0.952,0.985,0.0425,0.0805,0.7785,1,1,1,0.993417722,1,1,0.248,1,1
vmax-vrest-APD50-camax-carest,0.8125,0.6875,0.8125,0.945454545,0.857142857,0.9375,0.8,0.428571429,1,0.818181818,0.888888889,0.75,5.49997525,3.85713,3.999988,0.244445368,0.642857545,1.33E-06,0.75,0.545454545,0.727272727,0.149584609,0.966824645,0.833333333,-4.333124232,28.64255724,18.76026845,91.43161337,68.8610131,-5.229220072,-73.46904188,40.81753408,-88.03022061,287.2062878,0.000222565,7.28E-05,1.184759215,0.020798121,64.31807536,3.76E-05,3.84E-06,1,1,0.9965,0.992,1,0.9995,0.9955,1,0.968,0.996,1,0.9215,0.8795,0.572,0.783,0.997,0.1805,0.605,0.998,1,1,0.955,1,1,1,0.9935,0.8075,0.999
vmax-vrest-APD50-camax-CaTD50,0.8125,0.75,0.875,0.945454545,0.888888889,0.947916667,0.8,0.428571429,1,0.727272727,0.888888889,0.833333333,3.666656889,5.142819858,5.99997,0.244445368,0.571429,1.20E-06,0.727272727,0.6,0.8,0.144003351,0.966824645,0.833333333,-16.5047066,17.99349012,14.46846763,91.26189157,145.6927459,-121.4235561,-52.53147216,40.81753408,-88.03022061,287.2062878,0.000222565,327.3555683,1.184759215,0.020798121,64.31807536,3.76E-05,22.17761135,1,1,0.9975,0.991,0.994,0.9995,0.996,1,0.9795,0.9975,1,0.9505,0.8855,0.5345,0.8415,0.9965,0.164,0.501,0.996,1,1,0.986,1,1,1,0.991,0.929,1
vmax-vrest-APD90-carest-CaTD90,0.875,0.6875,0.8125,0.963636364,0.873015873,0.9375,0.8,0.285714286,1,0.818181818,0.888888889,0.75,5.49997525,5.142819857,3.999988,0.220000858,0.714286,1.33E-06,0.8,0.444444444,0.727272727,0.185318985,0.962085308,0.833333333,0.784814951,27.16822431,18.69644653,67.7528621,28.82402885,-13.32280747,42.60550047,40.81753408,-88.03022061,364.2659437,7.28E-05,768.6720229,1.184759215,0.020798121,92.85975461,3.84E-06,46.44521373,1,1,1,0.972,1,0.999,0.9965,1,0.984,0.993,1,0.946,0.6985,0.1295,0.8205,0.9855,0.1375,0.4325,0.996,1,1,1,1,1,1,0.981,0.954,1
vmax-vrest-camax-CaTD50-CaTD90,0.8125,0.6875,0.8125,0.945454545,0.825396825,0.927083333,0.8,0.428571429,1,0.818181818,0.777777778,0.75,5.49997525,3.21427575,3.999988,0.244445368,0.642857545,1.33E-06,0.727272727,0.545454545,0.727272727,0.187179441,0.957345972,0.833333333,-26.55750298,2.775510003,19.62761124,79.14544003,61.16673672,-65.88276768,221.8164183,40.79794507,-88.03028897,0.000222524,327.3362708,768.6722188,1.331177912,0.020895704,3.76E-05,22.17423484,46.4212134,1,1,0.9965,0.99,1,1,0.996,1,0.9755,0.9975,0.999,0.958,0.862,0.004,0.788,0.996,0.204,0.791,1,1,0.9485,0.9995,1,1,1,0.9935,0.546,0.9995
vrest-APD50-APD90-camax-CaTD90,0.8125,0.6875,0.8125,0.945454545,0.80952381,0.927083333,0.6,0.428571429,1,0.909090909,0.777777778,0.75,6.599938401,2.5714215,3.999988,0.440000616,0.642857545,1.33E-06,0.666666667,0.545454545,0.727272727,0.183994493,0.962085308,0.833333333,3.931832143,40.32361215,97.30616285,68.32526341,-72.06369455,37.79282663,98.58831632,-88.03022061,287.2062878,364.2659437,0.000222565,768.6720229,0.020798121,64.31807536,92.85975461,3.76E-05,46.44521373,1,1,0.9925,0.9925,1,1,0.994,1,0.9525,0.998,0.9985,0.9455,0.9745,0.2795,0.749,0.9995,0.1315,0.7845,0.9965,1,0.9935,0.829,1,1,1,0.997,0.4915,1
vrest-APD50-APD90-carest-CaTD90,0.8125,0.625,0.8125,0.909090909,0.761904762,0.927083333,0.6,0.428571429,1,0.909090909,0.777777778,0.75,6.599938401,1.92856725,3.999988,0.440000616,0.734694219,1.33E-06,0.666666667,0.5,0.727272727,0.227788345,0.947867299,0.833333333,-5.311473226,33.75881971,114.2261429,130.4294685,-68.25292021,-65.69113841,17.16595249,-88.03022061,287.2062878,364.2659437,7.28E-05,768.6720229,0.020798121,64.31807536,92.85975461,3.84E-06,46.44521373,1,1,0.9935,0.995,1,1,0.9945,1,0.9545,0.999,1,0.9715,0.9895,0.379,0.774,0.9995,0.1315,0.789,0.9965,1,0.995,0.0015,1,1,1,0.998,0.4495,1
vrest-APD50-APD90-CaTD50-CaTD90,0.8125,0.6875,0.8125,0.909090909,0.777777778,0.9375,0.6,0.571428571,1,0.909090909,0.777777778,0.75,6.599938401,2.5714215,3.999988,0.440000616,0.571429,1.33E-06,0.666666667,0.6,0.727272727,0.211540336,0.952606635,0.833333333,-32.27447164,5.808909824,109.4440224,130.4545289,-71.32532922,-77.98381548,179.0595352,-88.03022061,287.2062878,364.2659437,327.3555683,768.6720229,0.020798121,64.31807536,92.85975461,22.17761135,46.44521373,1,1,0.988,0.9955,1,1,0.9955,1,0.96,0.999,0.9985,0.9775,0.9915,0.516,0.771,0.9995,0.148,0.8525,0.999,1,0.9875,0.1415,1,1,1,0.9985,0.353,1
vrest-APD50-camax-carest-CaTD50,0.8125,0.75,0.875,0.909090909,0.841269841,0.947916667,0.6,0.571428571,1,0.818181818,0.777777778,0.833333333,4.3999813,3.857117143,5.99997,0.4000006,0.48214344,1.20E-06,0.727272727,0.666666667,0.8,0.148643573,0.957345972,0.833333333,-16.60260176,16.70215191,101.098115,128.1535536,-94.05495823,-18.05656571,-40.14482911,-88.03022061,287.2062878,0.000222565,7.28E-05,327.3555683,0.020798121,64.31807536,3.76E-05,3.84E-06,22.17761135,1,1,0.9985,0.985,0.995,1,0.997,1,0.992,0.9955,1,0.974,0.9315,0.961,0.884,0.991,0.153,0.4535,1,1,1,0.4075,1,1,1,0.989,0.937,0.999
vrest-APD50-carest-CaTD50-CaTD90,0.8125,0.6875,0.8125,0.927272727,0.825396825,0.947916667,0.6,0.428571429,1,0.818181818,0.777777778,0.75,5.49997525,3.21427575,3.999988,0.440000616,0.642857545,1.33E-06,0.666666667,0.545454545,0.727272727,0.172259557,0.962085308,0.833333333,-27.30379281,2.3478555,90.91649585,46.37597988,8.410464232,-65.54714151,158.9808284,-88.03022061,287.2062878,7.28E-05,327.3555683,768.6720229,0.020798121,64.31807536,3.84E-06,22.17761135,46.44521373,1,1,0.9995,0.986,1,1,0.998,1,0.992,0.996,1,0.9805,0.936,0.3775,0.8735,0.9915,0.1775,0.516,1,1,1,0.6005,1,1,1,0.9895,0.8565,0.999
vrest-camax-carest-CaTD50-CaTD90,0.8125,0.6875,0.8125,0.945454545,0.80952381,0.927083333,0.6,0.428571429,1,0.818181818,0.777777778,0.75,5.49997525,2.5714215,3.999988,0.4000006,0.642857545,1.33E-06,0.727272727,0.545454545,0.727272727,0.188850561,0.957345972,0.833333333,-24.7180321,3.232222776,85.47684393,49.50653101,12.92769984,-57.97726718,204.7296881,-88.03028897,0.000222524,7.28E-05,327.3362708,768.6722188,0.020895704,3.76E-05,3.85E-06,22.17423484,46.4212134,1,1,1,0.985,1,1,0.997,1,0.9915,0.9955,1,0.984,0.9335,0.0025,0.859,0.9915,0.168,0.554,1,1,0.9995,0.7655,1,1,1,0.9895,0.789,0.999
qNet-dvdtmax-vmax-vrest-CaTD50,0.8125,0.6875,0.8125,0.854545455,0.80952381,0.9375,0.6,0.571428571,1,0.909090909,0.777777778,0.75,6.599938401,2.5714215,3.999988,0.440000616,0.551020985,1.33E-06,0.666666667,0.615384615,0.727272727,0.203078331,0.924170616,0.8,3.484574029,43.17710843,-34.23721687,-12.28772456,-1.133678955,57.04078188,18.98551863,63.97825074,72.02405995,40.79794507,-88.03028897,327.3362708,15.86819615,2.434174718,1.331177912,0.020895704,22.17423484,1,1,0.981,0.9955,1,1,0.995,1,0.947,0.998,0.9995,0.9315,0.9885,0.92,0.7925,0.999,0.1345,0.7275,0.996,1,1,0,1,1,1,0.998,0.5255,1
qNet-dvdtmax-vrest-APD50-APD90,0.8125,0.6875,0.8125,0.854545455,0.825396825,0.9375,0.6,0.571428571,1,0.909090909,0.777777778,0.75,6.599938401,2.571423857,3.999988,0.440000616,0.551020985,1.33E-06,0.666666667,0.615384615,0.727272727,0.216976313,0.924170616,0.8,-12.53607287,26.49330443,-72.87670079,-0.283884369,3.572368029,-120.4186799,102.6635411,63.95253604,72.03390709,-88.03022061,287.2062878,364.2659437,15.85634121,2.416227739,0.020798121,64.31807536,92.85975461,1,1,0.989,0.9965,1,1,0.9955,1,0.949,0.9985,1,0.979,0.997,0.941,0.829,0.999,0.135,0.776,0.9965,1,1,0,1,1,1,0.998,0.4795,1
qNet-dvdtmax-vrest-APD50-CaTD50,0.8125,0.625,0.75,0.909090909,0.746031746,0.916666667,0.6,0.285714286,1,0.818181818,0.777777778,0.666666667,4.3999813,2.571414429,2.999994,0.440000616,0.80357165,1.50E-06,0.666666667,0.4,0.666666667,0.270087103,0.933649289,0.8,9.971756645,80.42448551,-36.41004957,-63.13870953,195.6060039,-4.526125543,104.5771237,63.95253604,72.03390709,-88.03022061,287.2062878,327.3555683,15.85634121,2.416227739,0.020798121,64.31807536,22.17761135,1,1,1,0.997,1,1,1,1,0.8675,0.992,0.949,0.9975,0.953,5.00E-04,0.536,0.6215,0.0085,0.456,0.687,1,1,0.005,0.997974684,1,1,0.999,0.932,0.999
qNet-dvdtmax-vrest-APD50-CaTD90,0.8125,0.6875,0.8125,0.854545455,0.793650794,0.9375,0.6,0.571428571,1,0.909090909,0.777777778,0.75,6.599938401,2.5714215,3.999988,0.440000616,0.551020985,1.33E-06,0.666666667,0.615384615,0.727272727,0.213851203,0.928909953,0.8,-6.348478496,33.21133812,-33.07125748,-13.64853375,60.82905916,5.839626321,33.35759512,63.95253604,72.03390709,-88.03022061,287.2062878,768.6720229,15.85634121,2.416227739,0.020798121,64.31807536,46.44521373,1,1,0.989,0.9955,1,1,0.995,1,0.95,0.999,1,0.9665,0.996,0.8585,0.7975,0.999,0.13,0.821,0.9965,1,0.9955,0,1,1,1,0.999,0.352,1
qNet-dvdtmax-vrest-APD90-camax,0.8125,0.6875,0.8125,0.854545455,0.80952381,0.9375,0.6,0.571428571,1,0.909090909,0.777777778,0.75,6.599938401,2.5714215,3.999988,0.440000616,0.551020985,1.33E-06,0.666666667,0.615384615,0.727272727,0.195214347,0.928909953,0.8,-4.841487457,35.01721876,-40.82068554,-7.660534357,50.61795044,19.83978009,-22.72552519,63.95253604,72.03390709,-88.03022061,364.2659437,0.000222565,15.85634121,2.416227739,0.020798121,92.85975461,3.76E-05,1,1,0.978,0.9955,1,1,0.996,1,0.949,0.999,1,0.9615,0.9945,0.9815,0.802,0.999,0.141,0.793,0.9965,1,0.998,0,1,1,1,0.9985,0.4235,1
qNet-dvdtmax-vrest-APD90-carest,0.8125,0.6875,0.8125,0.854545455,0.793650794,0.9375,0.6,0.571428571,1,0.909090909,0.777777778,0.75,6.599938401,2.5714215,3.999988,0.440000616,0.551020985,1.33E-06,0.666666667,0.615384615,0.727272727,0.205970706,0.928909953,0.8,-9.229386009,30.49891937,-40.81023679,2.251571148,55.00798314,23.12349416,-39.23413614,63.95253604,72.03390709,-88.03022061,364.2659437,7.28E-05,15.85634121,2.416227739,0.020798121,92.85975461,3.84E-06,1,1,0.9855,0.9955,1,1,0.9955,1,0.9475,0.999,1,0.971,0.996,0.8345,0.801,0.999,0.1435,0.819,0.9975,1,0.9965,0,1,1,1,0.9985,0.365,1
qNet-dvdtmax-vrest-APD90-CaTD50,0.8125,0.6875,0.8125,0.854545455,0.80952381,0.9375,0.6,0.571428571,1,0.909090909,0.777777778,0.75,6.599938401,2.5714215,3.999988,0.440000616,0.551020985,1.50E-06,0.666666667,0.615384615,0.727272727,0.216648826,0.91943128,0.8,3.193264283,43.33138262,-34.15444104,-16.38599711,58.33521822,-2.414067316,20.19506619,63.95253604,72.03390709,-88.03022061,364.2659437,327.3555683,15.85634121,2.416227739,0.020798121,92.85975461,22.17761135,1,1,0.98,0.995,1,1,0.995,1,0.9465,0.9985,0.9995,0.946,0.993,0.9285,0.79,0.999,0.1345,0.801,0.996,1,0.9955,0,1,1,1,0.9985,0.382,1
qNet-dvdtmax-vrest-max_dv-CaTD90,0.8125,0.6875,0.8125,0.854545455,0.80952381,0.9375,0.6,0.571428571,1,0.909090909,0.777777778,0.75,6.599938401,2.5714215,3.999988,0.440000616,0.551020985,1.33E-06,0.666666667,0.615384615,0.727272727,0.216069266,0.924170616,0.8,-6.714212734,33.16385511,-36.01571743,-13.71248982,57.48887676,2.637692445,31.14368121,63.95253604,72.03390709,-88.03022061,-0.292902106,768.6720229,15.85634121,2.416227739,0.020798121,0.063732419,46.44521373,1,1,0.986,0.9955,1,1,0.9955,1,0.9495,0.999,0.9995,0.971,0.996,0.886,0.796,0.999,0.1295,0.819,0.9965,1,0.9965,0,1,1,1,0.999,0.3635,1
qNet-dvdtmax-vrest-camax-CaTD50,0.8125,0.6875,0.8125,0.854545455,0.80952381,0.9375,0.6,0.571428571,1,0.909090909,0.777777778,0.75,6.599938401,2.5714215,3.999988,0.440000616,0.551020985,1.50E-06,0.666666667,0.615384615,0.727272727,0.219270731,0.91943128,0.8,1.947439104,42.31184937,-35.7603789,-16.14570083,57.61295973,-3.67818792,17.11772263,63.97825074,72.02405995,-88.03028897,0.000222524,327.3362708,15.86819615,2.434174718,0.020895704,3.76E-05,22.17423484,1,1,0.9765,0.995,1,1,0.995,1,0.9465,0.999,0.9995,0.957,0.9955,0.9475,0.7915,0.999,0.135,0.834,0.996,1,0.993,0,1,1,1,0.999,0.307,1
qNet-dvdtmax-vrest-carest-CaTD90,0.8125,0.6875,0.8125,0.854545455,0.80952381,0.9375,0.6,0.571428571,1,0.909090909,0.777777778,0.75,6.599938401,2.5714215,3.999988,0.440000616,0.551020985,1.33E-06,0.666666667,0.615384615,0.727272727,0.216089202,0.924170616,0.8,-5.438343782,34.29962331,-34.27474455,-16.10690721,58.88649265,8.717537175,38.23332101,63.97825074,72.02405995,-88.03028897,7.28E-05,768.6722188,15.86819615,2.434174718,0.020895704,3.85E-06,46.4212134,1,1,0.9855,0.995,1,1,0.9945,1,0.95,0.999,0.9995,0.9645,0.996,0.9,0.796,0.999,0.1295,0.845,0.9965,1,0.994,0,1,1,1,0.999,0.3035,1
qNet-dvdtmax-APD50-APD90-camax,0.8125,0.75,0.8125,0.854545455,0.825396825,0.9375,0.6,0.571428571,1,0.909090909,0.777777778,0.75,6.599938401,3.21427575,3.999988,0.440000616,0.48214344,1.33E-06,0.666666667,0.666666667,0.727272727,0.222798645,0.91943128,0.8,-13.23473245,25.84258742,-75.47671973,-0.36520377,-128.9977223,108.3715253,1.942561571,63.95253604,72.03390709,287.2062878,364.2659437,0.000222565,15.85634121,2.416227739,64.31807536,92.85975461,3.76E-05,1,1,0.9885,0.9965,1,1,0.9955,1,0.9485,0.9985,1,0.978,0.997,0.9375,0.8315,0.999,0.1355,0.768,0.9965,1,1,0,1,1,1,0.998,0.4905,1
qNet-dvdtmax-APD50-APD90-carest,0.8125,0.75,0.8125,0.854545455,0.825396825,0.9375,0.6,0.571428571,1,0.909090909,0.777777778,0.75,6.599938401,3.21427575,3.999988,0.440000616,0.551020985,1.33E-06,0.666666667,0.615384615,0.727272727,0.220494187,0.924170616,0.8,-12.98034894,25.95280035,-75.07638598,-0.836608627,-128.8409396,108.3470818,2.53786934,63.95253604,72.03390709,287.2062878,364.2659437,7.28E-05,15.85634121,2.416227739,64.31807536,92.85975461,3.84E-06,1,1,0.99,0.9965,0.9995,1,0.9955,1,0.9505,0.9985,1,0.9805,0.997,0.9395,0.8325,0.999,0.134,0.7675,0.996,1,1,0,1,1,1,0.998,0.4915,1
qNet-dvdtmax-APD50-APD90-CaTD50,0.8125,0.75,0.8125,0.836363636,0.841269841,0.9375,0.6,0.571428571,1,0.909090909,0.777777778,0.75,6.599938401,3.21427575,3.999988,0.440000616,0.48214344,1.33E-06,0.666666667,0.666666667,0.727272727,0.225352256,0.91943128,0.8,-14.0749179,25.05009187,-75.66997395,-0.760013816,-127.1329806,108.722109,-1.484353595,63.95253604,72.03390709,287.2062878,364.2659437,327.3555683,15.85634121,2.416227739,64.31807536,92.85975461,22.17761135,1,1,0.9875,0.9965,1,1,0.9955,1,0.9485,0.9985,1,0.977,0.997,0.948,0.833,0.999,0.135,0.7585,0.9965,1,1,0,1,1,1,0.9985,0.501,1
qNet-dvdtmax-APD50-APD90-CaTD90,0.8125,0.75,0.8125,0.836363636,0.841269841,0.9375,0.6,0.571428571,1,0.909090909,0.777777778,0.75,6.599938401,3.21427575,3.999988,0.440000616,0.48214344,1.33E-06,0.666666667,0.666666667,0.727272727,0.225990219,0.91943128,0.8,-13.60104394,25.48695147,-75.58776382,-1.162602565,-128.1185234,108.9547193,-1.926311881,63.95253604,72.03390709,287.2062878,364.2659437,768.6720229,15.85634121,2.416227739,64.31807536,92.85975461,46.44521373,1,1,0.99,0.9965,0.99949975,1,0.9955,1,0.95,0.9985,1,0.979,0.997,0.936,0.833,0.999,0.1335,0.76,0.996,1,1,0,1,1,1,0.9985,0.499,1
qNet-vmax-vrest-APD50-carest,0.8125,0.6875,0.8125,0.854545455,0.793650794,0.9375,0.6,0.571428571,1,0.909090909,0.777777778,0.75,6.599938401,2.5714215,3.999988,0.440000616,0.551020985,1.50E-06,0.666666667,0.615384615,0.727272727,0.216276724,0.928909953,0.8,-9.440690636,30.75442651,-32.24494696,-0.032134417,69.51157231,34.46594194,-50.45529015,63.95253604,40.81753408,-88.03022061,287.2062878,7.28E-05,15.85634121,1.184759215,0.020798121,64.31807536,3.84E-06,1,1,0.982,0.9955,1,1,0.9955,1,0.948,0.999,1,0.97,0.9965,0.783,0.794,0.9995,0.1435,0.8265,0.9975,1,0.995,0,1,1,1,0.9985,0.323,1
qNet-vmax-vrest-APD90-CaTD90,0.8125,0.6875,0.8125,0.872727273,0.777777778,0.9375,0.6,0.571428571,1,0.909090909,0.777777778,0.75,6.599938401,2.5714215,3.999988,0.440000616,0.551020985,1.33E-06,0.666666667,0.615384615,0.727272727,0.199889989,0.938388626,0.8,-3.721778533,35.81920761,-37.52124947,-4.740209646,56.72573932,4.16546106,28.59219645,63.95253604,40.81753408,-88.03022061,364.2659437,768.6720229,15.85634121,1.184759215,0.020798121,92.85975461,46.44521373,1,1,0.9895,0.9955,1,1,0.9955,1,0.9495,0.999,1,0.967,0.995,0.842,0.798,0.999,0.1305,0.803,0.9965,1,0.997,0,1,1,1,0.999,0.404,1
qNet-vmax-vrest-max_dv-carest,0.8125,0.6875,0.8125,0.854545455,0.80952381,0.9375,0.6,0.571428571,1,0.909090909,0.777777778,0.75,6.599938401,2.5714215,3.999988,0.440000616,0.551020985,1.50E-06,0.666666667,0.615384615,0.727272727,0.210359522,0.924170616,0.8,-9.417645568,31.65486906,-45.88276759,-2.20607059,51.20783934,12.39253752,-33.56031874,63.95253604,40.81753408,-88.03022061,-0.292902106,7.28E-05,15.85634121,1.184759215,0.020798121,0.063732419,3.84E-06,1,1,0.9775,0.9955,1,1,0.9955,1,0.945,0.999,0.999,0.98,0.992,0.9095,0.7875,0.9995,0.1365,0.7285,0.997,1,1,0,1,1,1,0.999,0.565,1
qNet-vmax-vrest-max_dv-CaTD90,0.8125,0.6875,0.8125,0.872727273,0.793650794,0.9375,0.6,0.571428571,1,0.909090909,0.777777778,0.75,6.599938401,2.5714215,3.999988,0.440000616,0.551020985,1.33E-06,0.666666667,0.615384615,0.727272727,0.199926671,0.933649289,0.8,-3.79475791,36.13727812,-38.99001202,-5.402461238,56.1183608,1.969926813,27.83759906,63.95253604,40.81753408,-88.03022061,-0.292902106,768.6720229,15.85634121,1.184759215,0.020798121,0.063732419,46.44521373,1,1,0.9875,0.9955,1,1,0.9955,1,0.949,0.999,0.9995,0.9745,0.996,0.861,0.7965,0.999,0.1295,0.8115,0.9965,1,0.997,0,1,1,1,0.999,0.3755,1
qNet-vmax-vrest-CaTD50-CaTD90,0.8125,0.6875,0.8125,0.872727273,0.777777778,0.9375,0.6,0.571428571,1,0.909090909,0.777777778,0.75,6.599938401,2.5714215,3.999988,0.440000616,0.551020985,1.33E-06,0.666666667,0.615384615,0.727272727,0.207404263,0.933649289,0.8,-3.13575274,37.38030725,-40.44608012,-7.388237987,56.74893732,1.457727445,25.61343971,63.97825074,40.79794507,-88.03028897,327.3362708,768.6722188,15.86819615,1.331177912,0.020895704,22.17423484,46.4212134,1,1,0.984,0.9955,1,1,0.9945,1,0.948,0.999,1,0.98,0.9995,0.8745,0.7975,0.9995,0.1265,0.893,0.9965,1,0.984,0,1,1,1,0.999,0.1785,1
qNet-vmax-APD50-APD90-camax,0.8125,0.6875,0.8125,0.854545455,0.825396825,0.9375,0.6,0.571428571,1,0.909090909,0.777777778,0.75,6.599938401,3.21427575,3.999988,0.440000616,0.551020985,1.33E-06,0.666666667,0.615384615,0.727272727,0.21325683,0.924170616,0.8,-12.8923661,25.94207173,-74.43351079,1.076150335,-128.7892338,109.2836752,1.537807328,63.95253604,40.81753408,287.2062878,364.2659437,0.000222565,15.85634121,1.184759215,64.31807536,92.85975461,3.76E-05,1,1,0.9895,0.9965,1,1,0.9955,1,0.949,0.9985,1,0.9755,0.996,0.9365,0.83,0.999,0.1365,0.7565,0.996,1,1,0,1,1,1,0.9975,0.515,1
qNet-vmax-APD50-APD90-CaTD50,0.8125,0.7484375,0.8125,0.854545455,0.825396825,0.9375,0.6,0.571428571,1,0.909090909,0.777777778,0.75,6.599938401,3.21427575,3.999988,0.440000616,0.551020985,1.33E-06,0.666666667,0.615384615,0.727272727,0.211471851,0.924170616,0.8,-13.38616515,25.42001098,-74.29164646,1.33161248,-127.3318253,109.8043247,-1.097269931,63.95253604,40.81753408,287.2062878,364.2659437,327.3555683,15.85634121,1.184759215,64.31807536,92.85975461,22.17761135,1,1,0.9895,0.9965,1,1,0.9955,1,0.949,0.9985,1,0.9755,0.9955,0.9415,0.8305,0.999,0.1365,0.745,0.996,1,1,0,1,1,1,0.9975,0.534,1
qNet-vmax-APD50-APD90-CaTD90,0.8125,0.6875,0.8125,0.854545455,0.825396825,0.9375,0.6,0.571428571,1,0.909090909,0.777777778,0.75,6.599938401,2.5714215,3.999988,0.440000616,0.551020985,1.33E-06,0.666666667,0.615384615,0.727272727,0.209658667,0.924170616,0.8,-12.91525844,25.75354624,-73.95430952,1.483731484,-127.9856466,110.0262764,-1.287076818,63.95253604,40.81753408,287.2062878,364.2659437,768.6720229,15.85634121,1.184759215,64.31807536,92.85975461,46.44521373,1,1,0.9905,0.9965,1,1,0.9955,1,0.9495,0.9985,1,0.9755,0.9955,0.926,0.831,0.999,0.134,0.745,0.996,1,1,0,1,1,1,0.998,0.5395,0.9995
qNet-vrest-APD50-APD90-camax,0.8125,0.75,0.8125,0.854545455,0.825396825,0.9375,0.6,0.571428571,1,0.909090909,0.777777778,0.75,6.599938401,3.21427575,3.999988,0.440000616,0.48214344,1.33E-06,0.666666667,0.666666667,0.727272727,0.21117845,0.924170616,0.8,-11.95661059,26.90882263,-70.76740385,6.046878161,-113.7114031,98.09466246,-1.371744049,63.95253604,-88.03022061,287.2062878,364.2659437,0.000222565,15.85634121,0.020798121,64.31807536,92.85975461,3.76E-05,1,1,0.989,0.996,1,1,0.9955,1,0.9495,0.9985,1,0.9805,0.997,0.9405,0.829,0.999,0.1345,0.7795,0.996,1,1,0,1,1,1,0.998,0.4735,1
qNet-vrest-APD50-APD90-carest,0.8125,0.6875,0.8125,0.854545455,0.825396825,0.9375,0.6,0.571428571,1,0.909090909,0.777777778,0.75,6.599938401,2.5714215,3.999988,0.440000616,0.551020985,1.33E-06,0.666666667,0.615384615,0.727272727,0.215071934,0.924170616,0.8,-11.72908532,27.36517435,-66.77565521,13.51987978,-97.75774585,87.17809316,-7.510087226,63.95253604,-88.03022061,287.2062878,364.2659437,7.28E-05,15.85634121,0.020798121,64.31807536,92.85975461,3.84E-06,1,1,0.987,0.996,1,1,0.9955,1,0.948,0.999,1,0.98,0.998,0.9405,0.826,0.999,0.1385,0.8085,0.997,1,1,0,1,1,1,0.999,0.4005,1
qNet-vrest-APD50-APD90-CaTD50,0.8125,0.6875,0.8125,0.854545455,0.825396825,0.9375,0.6,0.571428571,1,0.909090909,0.777777778,0.75,6.599938401,2.5714215,3.999988,0.440000616,0.551020985,1.33E-06,0.666666667,0.615384615,0.727272727,0.213812152,0.924170616,0.8,-12.11249473,26.81781268,-72.06587284,4.401025612,-118.6360909,101.08544,0.374682508,63.95253604,-88.03022061,287.2062878,364.2659437,327.3555683,15.85634121,0.020798121,64.31807536,92.85975461,22.17761135,1,1,0.989,0.996,1,1,0.9955,1,0.9495,0.9985,1,0.9805,0.997,0.9365,0.829,0.999,0.1345,0.778,0.996,1,1,0,1,1,1,0.998,0.474,1
qNet-vrest-APD50-APD90-CaTD90,0.8125,0.6875,0.8125,0.854545455,0.80952381,0.9375,0.6,0.571428571,1,0.909090909,0.777777778,0.75,6.599938401,2.5714215,3.999988,0.440000616,0.551020985,1.33E-06,0.666666667,0.615384615,0.727272727,0.208381552,0.924170616,0.8,-10.9074636,27.86217072,-67.79488083,10.08272943,-105.2005851,89.63753842,3.672423404,63.95253604,-88.03022061,287.2062878,364.2659437,768.6720229,15.85634121,0.020798121,64.31807536,92.85975461,46.44521373,1,1,0.987,0.996,1,1,0.9955,1,0.949,0.999,1,0.98,0.998,0.948,0.8265,0.999,0.1385,0.812,0.9965,1,1,0,1,1,1,0.999,0.392,1
qNet-vrest-APD50-camax-carest,0.8125,0.6875,0.8125,0.872727273,0.777777778,0.9375,0.6,0.571428571,1,0.909090909,0.777777778,0.75,6.599938401,2.5714215,3.999988,0.440000616,0.551020985,1.33E-06,0.666666667,0.615384615,0.727272727,0.206683958,0.933649289,0.8,-8.422227247,31.38929803,-31.08770947,69.2914674,35.30193166,-5.486495318,-43.08345894,63.95253604,-88.03022061,287.2062878,0.000222565,7.28E-05,15.85634121,0.020798121,64.31807536,3.76E-05,3.84E-06,1,1,0.9895,0.9955,1,1,0.9955,1,0.949,0.999,1,0.974,0.995,0.782,0.7935,0.999,0.1365,0.8175,0.9965,1,0.996,0,1,1,1,0.9985,0.3695,1
qNet-vrest-APD50-carest-CaTD90,0.8125,0.6875,0.8125,0.872727273,0.777777778,0.9375,0.6,0.571428571,1,0.909090909,0.777777778,0.75,6.599938401,2.5714215,3.999988,0.440000616,0.551020985,1.33E-06,0.666666667,0.615384615,0.727272727,0.211303105,0.933649289,0.8,-8.403757872,31.26914513,-30.98908658,68.78101872,29.83342082,-41.0180331,7.720882597,63.95253604,-88.03022061,287.2062878,7.28E-05,768.6720229,15.85634121,0.020798121,64.31807536,3.84E-06,46.44521373,1,1,0.9895,0.9955,1,1,0.9955,1,0.949,0.999,1,0.9745,0.995,0.702,0.7935,0.999,0.135,0.82,0.9965,1,0.996,0,1,1,1,0.9985,0.364,1
qNet-vrest-APD50-CaTD50-CaTD90,0.8125,0.6875,0.8125,0.872727273,0.777777778,0.9375,0.6,0.571428571,1,0.909090909,0.777777778,0.75,6.599938401,2.5714215,3.999988,0.440000616,0.551020985,1.50E-06,0.666666667,0.615384615,0.727272727,0.20448795,0.938388626,0.8,-27.08125292,11.75132183,-31.67967587,64.89168723,29.10281412,-52.72536079,113.9862505,63.95253604,-88.03022061,287.2062878,327.3555683,768.6720229,15.85634121,0.020798121,64.31807536,22.17761135,46.44521373,1,1,0.977,0.996,1,1,0.9955,1,0.9525,0.999,0.999,0.978,0.9965,0.8255,0.797,0.9995,0.1495,0.859,0.998,1,0.9935,0,1,1,1,0.999,0.2915,1
qNet-vrest-APD90-camax-carest,0.8125,0.6875,0.8125,0.872727273,0.793650794,0.9375,0.6,0.571428571,1,0.909090909,0.777777778,0.75,6.599938401,2.5714215,3.999988,0.440000616,0.551020985,1.33E-06,0.666666667,0.615384615,0.727272727,0.205575297,0.928909953,0.8,-9.328367361,30.2520653,-40.4075736,54.73440598,23.37993234,-3.93359759,-33.98130557,63.95253604,-88.03022061,364.2659437,0.000222565,7.28E-05,15.85634121,0.020798121,92.85975461,3.76E-05,3.84E-06,1,1,0.9885,0.9955,1,1,0.9955,1,0.951,0.999,1,0.9755,0.9965,0.8305,0.8035,0.999,0.1365,0.81,0.9965,1,0.997,0,1,1,1,0.9985,0.3855,1
qNet-vrest-APD90-CaTD50-CaTD90,0.8125,0.6875,0.8125,0.872727273,0.793650794,0.9375,0.6,0.571428571,1,0.909090909,0.777777778,0.75,6.599938401,2.5714215,3.999988,0.440000616,0.551020985,1.50E-06,0.666666667,0.615384615,0.727272727,0.203135219,0.933649289,0.8,-25.16490495,13.84042486,-40.13152257,53.15405053,20.58439006,-44.76558653,95.08970538,63.95253604,-88.03022061,364.2659437,327.3555683,768.6720229,15.85634121,0.020798121,92.85975461,22.17761135,46.44521373,1,1,0.976,0.996,1,1,0.9955,1,0.9515,0.999,0.999,0.9785,0.997,0.885,0.8045,0.999,0.1505,0.8545,0.998,1,0.9935,0,1,1,1,0.999,0.29,1
qNet-vrest-max_dv-camax-carest,0.8125,0.6875,0.8125,0.872727273,0.80952381,0.9375,0.6,0.571428571,1,0.909090909,0.777777778,0.75,6.599938401,2.5714215,3.999988,0.440000616,0.551020985,1.33E-06,0.666666667,0.615384615,0.727272727,0.197470403,0.928909953,0.8,-9.004823697,31.72424166,-44.4476442,50.04197876,13.60085191,-1.475751519,-31.87670918,63.95253604,-88.03022061,-0.292902106,0.000222565,7.28E-05,15.85634121,0.020798121,0.063732419,3.76E-05,3.84E-06,1,1,0.981,0.9955,1,1,0.995,1,0.9455,0.999,0.9995,0.977,0.9865,0.895,0.7855,0.999,0.1355,0.6955,0.996,1,1,0,1,1,1,0.998,0.635,1
qNet-vrest-camax-carest-CaTD90,0.8125,0.625,0.8125,0.890909091,0.761904762,0.927083333,0.6,0.428571429,1,0.909090909,0.777777778,0.75,6.599938401,1.92856725,3.999988,0.440000616,0.734694219,1.33E-06,0.666666667,0.5,0.727272727,0.240868134,0.933649289,0.8,-8.449679644,30.41365388,-31.41276788,64.89816548,30.8880048,-32.59417197,47.49392469,63.97825074,-88.03028897,0.000222524,7.28E-05,768.6722188,15.86819615,0.020895704,3.76E-05,3.85E-06,46.4212134,1,1,0.993,0.9955,1,1,0.9945,1,0.9475,0.999,0.9995,0.9775,0.9955,0.252,0.7945,0.999,0.1325,0.8525,0.997,1,0.9875,0,1,1,1,0.9985,0.3005,1
qNet-vrest-camax-CaTD50-CaTD90,0.8125,0.625,0.8125,0.890909091,0.761904762,0.927083333,0.6,0.428571429,1,0.909090909,0.666666667,0.75,6.599938401,1.92856725,3.999988,0.440000616,0.642857679,1.33E-06,0.666666667,0.545454545,0.727272727,0.23790806,0.938388626,0.8,-23.64102451,15.04333582,-32.37141423,62.72938457,30.46539623,-42.74138349,133.1676467,63.97825074,-88.03028897,0.000222524,327.3362708,768.6722188,15.86819615,0.020895704,3.76E-05,22.17423484,46.4212134,1,1,0.987,0.9955,1,1,0.995,1,0.9525,0.999,0.998,0.9805,0.997,0.354,0.79,0.999,0.14,0.887,0.998,1,0.97,0,1,1,1,0.999,0.2205,1
qNet-APD50-APD90-camax-carest,0.8125,0.75,0.8125,0.854545455,0.825396825,0.9375,0.6,0.571428571,1,0.909090909,0.777777778,0.75,6.599938401,3.21427575,3.999988,0.440000616,0.48214344,1.33E-06,0.666666667,0.666666667,0.727272727,0.218975416,0.924170616,0.8,-12.98733225,26.0219729,-75.19201612,-128.6311742,108.2915151,1.145766105,1.066534541,63.95253604,287.2062878,364.2659437,0.000222565,7.28E-05,15.85634121,64.31807536,92.85975461,3.76E-05,3.84E-06,1,1,0.989,0.9965,1,1,0.9955,1,0.949,0.9985,1,0.9785,0.997,0.935,0.8315,0.999,0.135,0.762,0.996,1,1,0,1,1,1,0.998,0.5005,1
qNet-APD50-APD90-camax-CaTD50,0.8125,0.75,0.8125,0.854545455,0.825396825,0.9375,0.6,0.571428571,1,0.909090909,0.777777778,0.75,6.599938401,3.21427575,3.999988,0.440000616,0.48214344,1.33E-06,0.666666667,0.666666667,0.727272727,0.221558836,0.91943128,0.8,-12.06700846,26.79153682,-74.95290324,-131.1870581,107.4068653,4.622411572,2.117250268,63.95253604,287.2062878,364.2659437,0.000222565,327.3555683,15.85634121,64.31807536,92.85975461,3.76E-05,22.17761135,1,1,0.989,0.9965,0.9995,1,0.9955,1,0.9485,0.9985,1,0.9795,0.997,0.919,0.8305,0.999,0.1355,0.7795,0.9965,1,1,0,1,1,1,0.9985,0.4615,1
qNet-APD50-APD90-camax-CaTD90,0.8125,0.6875,0.8125,0.836363636,0.825396825,0.9375,0.6,0.571428571,1,0.909090909,0.777777778,0.75,6.599938401,2.5714215,3.999988,0.440000616,0.551020985,1.50E-06,0.666666667,0.615384615,0.666666667,0.236893801,0.91943128,0.8,-12.97197714,25.96184681,-75.54865268,-140.5913062,105.8958005,17.83927679,17.81449924,63.95253604,287.2062878,364.2659437,0.000222565,768.6720229,15.85634121,64.31807536,92.85975461,3.76E-05,46.44521373,1,1,0.9845,0.996,1,1,0.995,1,0.9465,0.999,1,0.9825,0.9985,0.8605,0.8285,0.999,0.14,0.837,0.9975,1,0.9865,0,1,1,1,0.999,0.288,1
qNet-APD50-APD90-carest-CaTD50,0.8125,0.6875,0.8125,0.854545455,0.825396825,0.9375,0.6,0.571428571,1,0.909090909,0.777777778,0.75,6.599938401,3.21427575,3.999988,0.440000616,0.551020985,1.33E-06,0.666666667,0.615384615,0.727272727,0.216052433,0.924170616,0.8,-12.79664997,26.16780331,-75.00743843,-128.6342807,108.4661361,2.534516894,-0.015360537,63.95253604,287.2062878,364.2659437,7.28E-05,327.3555683,15.85634121,64.31807536,92.85975461,3.84E-06,22.17761135,1,1,0.9905,0.9965,1,1,0.9955,1,0.9505,0.9985,1,0.979,0.997,0.9335,0.8325,0.999,0.1335,0.76,0.996,1,1,0,1,1,1,0.998,0.5045,1
qNet-APD50-APD90-carest-CaTD90,0.8125,0.6875,0.8125,0.854545455,0.825396825,0.9375,0.6,0.571428571,1,0.909090909,0.777777778,0.75,6.599938401,2.571423857,3.999988,0.440000616,0.551020985,1.33E-06,0.666666667,0.615384615,0.727272727,0.209324365,0.924170616,0.8,-12.03452834,26.83675323,-74.62947175,-130.5108902,107.766156,6.582037168,3.227903493,63.95253604,287.2062878,364.2659437,7.28E-05,768.6720229,15.85634121,64.31807536,92.85975461,3.84E-06,46.44521373,1,1,0.9915,0.996,1,1,0.9955,1,0.951,0.9985,1,0.983,0.997,0.9355,0.832,0.999,0.133,0.778,0.996,1,1,0,1,1,1,0.998,0.4775,1
dvdtmax-vmax-vrest-APD50-camax,0.75,0.6875,0.875,0.890909091,0.793650794,0.9375,0.6,0.428571429,1,0.727272727,0.777777778,0.833333333,3.290820822,2.5714215,5.99997,0.488889514,0.642857545,1.20E-06,0.6,0.545454545,0.8,0.182948059,0.947867299,0.8,0.478308564,34.64921699,-37.81729904,29.36748914,80.65459513,62.89591527,-49.96591314,72.03390709,40.81753408,-88.03022061,287.2062878,0.000222565,2.416227739,1.184759215,0.020798121,64.31807536,3.76E-05,1,1,0.989,0.991,1,1,0.996,1,0.9605,0.9965,0.9995,0.875,0.891,0.6385,0.777,0.998,0.18,0.6205,0.996,1,1,0.418,1,1,1,0.9955,0.7905,1
dvdtmax-vmax-vrest-APD50-CaTD50,0.75,0.6875,0.8125,0.909090909,0.80952381,0.9375,0.6,0.428571429,1,0.818181818,0.777777778,0.75,3.29998735,2.5714215,3.999988,0.440000616,0.642857545,1.33E-06,0.666666667,0.545454545,0.727272727,0.177869964,0.952606635,0.8,13.05299056,45.13098678,-39.85109984,27.23690239,71.93458297,9.153866318,34.98876314,72.03390709,40.81753408,-88.03022061,287.2062878,327.3555683,2.416227739,1.184759215,0.020798121,64.31807536,22.17761135,1,1,0.996,0.989,1,0.9995,0.996,1,0.9635,0.993,0.9995,0.837,0.8465,0.819,0.768,0.998,0.151,0.5515,0.995,1,1,0.452,0.999493671,1,1,0.991,0.836,1
dvdtmax-vmax-vrest-APD90-camax,0.75,0.6875,0.875,0.890909091,0.80952381,0.9375,0.8,0.285714286,1,0.636363636,0.888888889,0.833333333,2.749995188,3.857117143,5.99997,0.275000997,0.714286,1.20E-06,0.666666667,0.444444444,0.8,0.192028807,0.952606635,0.8,0.434348099,26.76668394,-45.06168188,44.31817821,55.33380535,50.541232,-42.57840442,72.03390709,40.81753408,-88.03022061,364.2659437,0.000222565,2.416227739,1.184759215,0.020798121,92.85975461,3.76E-05,0.9995,1,0.9885,0.9745,1,1,0.9965,1,0.964,0.9935,0.9985,0.7535,0.69,0.2095,0.774,0.988,0.2405,0.554,0.9975,1,1,0.9565,0.998987342,1,1,0.985,0.866,1
dvdtmax-vmax-vrest-APD90-CaTD50,0.8125,0.6875,0.8125,0.909090909,0.825396825,0.9375,0.6,0.428571429,1,0.818181818,0.777777778,0.75,3.666656889,3.21427575,3.999988,0.440000616,0.642857545,1.33E-06,0.666666667,0.545454545,0.727272727,0.166826166,0.957345972,0.8,12.90305023,44.27278687,-41.5348184,29.80496251,69.76266744,7.691023646,35.57345739,72.03390709,40.81753408,-88.03022061,364.2659437,327.3555683,2.416227739,1.184759215,0.020798121,92.85975461,22.17761135,1,1,0.9965,0.986,1,0.9995,0.9955,1,0.965,0.994,0.9995,0.8405,0.827,0.804,0.772,0.997,0.151,0.548,0.995,1,1,0.6455,0.998987342,1,1,0.9915,0.846,1
dvdtmax-vmax-vrest-APD90-CaTD90,0.8125,0.6875,0.8125,0.927272727,0.825396825,0.9375,0.6,0.428571429,1,0.818181818,0.777777778,0.75,4.3999813,3.21427575,3.999988,0.440000616,0.642857545,1.33E-06,0.666666667,0.545454545,0.727272727,0.151990304,0.962085308,0.8,-3.532868611,27.63733768,-41.55642909,34.71145625,71.48800135,19.79273001,57.7415222,72.03390709,40.81753408,-88.03022061,364.2659437,768.6720229,2.416227739,1.184759215,0.020798121,92.85975461,46.44521373,1,1,0.9965,0.9855,1,1,0.9965,1,0.9695,0.9975,0.9995,0.9015,0.8345,0.8085,0.783,0.997,0.1655,0.644,0.9965,1,1,0.7645,0.999493671,1,1,0.994,0.763,1
dvdtmax-vmax-vrest-max_dv-carest,0.8125,0.6875,0.875,0.890909091,0.825396825,0.958333333,0.8,0.428571429,1,0.727272727,0.888888889,0.833333333,3.666656889,3.857117143,5.99997,0.244445368,0.642857545,1.20E-06,0.727272727,0.545454545,0.8,0.170115764,0.947867299,0.8,-6.56719402,15.69350482,-36.00060748,44.63751998,50.61379165,32.37414038,-60.1078023,72.03390709,40.81753408,-88.03022061,-0.292902106,7.28E-05,2.416227739,1.184759215,0.020798121,0.063732419,3.84E-06,0.9995,0.9995,0.99,0.9485,1,0.9965,0.997,1,0.963,0.985,0.9905,0.847,0.52,0.9865,0.6555,0.978,0.2915,0.3665,0.998,1,1,0.7505,0.996962025,1,1,0.9685,0.9775,0.998
dvdtmax-vmax-vrest-max_dv-CaTD90,0.8125,0.6875,0.8125,0.927272727,0.841269841,0.9375,0.6,0.428571429,1,0.818181818,0.777777778,0.75,4.3999813,3.21427575,3.999988,0.4000006,0.571429,1.33E-06,0.727272727,0.6,0.727272727,0.148515015,0.962085308,0.8,-2.861507926,27.41013825,-44.60015694,37.34075464,68.60487766,12.29492813,56.78042251,72.03390709,40.81753408,-88.03022061,-0.292902106,768.6720229,2.416227739,1.184759215,0.020798121,0.063732419,46.44521373,1,1,0.9975,0.98,1,1,0.9965,1,0.9665,0.998,0.999,0.9165,0.796,0.875,0.749,0.9955,0.172,0.5845,0.9955,1,1,0.7995,0.999493671,1,1,0.994,0.829,1
dvdtmax-vmax-vrest-camax-CaTD50,0.8125,0.6875,0.8125,0.909090909,0.80952381,0.9375,0.6,0.428571429,1,0.818181818,0.777777778,0.75,4.3999813,2.5714215,3.999988,0.440000616,0.642857545,1.33E-06,0.666666667,0.545454545,0.727272727,0.190263405,0.952606635,0.8,13.87016308,44.64022783,-39.44082781,27.28421966,69.58313294,7.591932876,40.66185436,72.02405995,40.79794507,-88.03028897,0.000222524,327.3362708,2.434174718,1.331177912,0.020895704,3.76E-05,22.17423484,1,1,0.9985,0.9885,1,0.9985,0.9955,1,0.968,0.9915,1,0.8785,0.8485,0.6355,0.7845,0.998,0.1295,0.5205,0.994,1,1,0.39,0.9985,1,1,0.991,0.8705,1
dvdtmax-vmax-vrest-carest-CaTD50,0.8125,0.6875,0.8125,0.927272727,0.825396825,0.9375,0.6,0.428571429,1,0.818181818,0.777777778,0.75,4.3999813,2.5714215,3.999988,0.440000616,0.642857545,1.33E-06,0.666666667,0.545454545,0.727272727,0.175850991,0.957345972,0.8,14.60750843,44.66805209,-40.48717449,27.1182921,67.62721953,9.451986828,39.25525031,72.02405995,40.79794507,-88.03028897,7.28E-05,327.3362708,2.434174718,1.331177912,0.020895704,3.85E-06,22.17423484,1,1,0.9985,0.9855,1,0.9985,0.9955,1,0.9685,0.9935,1,0.8915,0.8515,0.6845,0.786,0.9975,0.1245,0.529,0.9925,1,1,0.5535,0.998,1,1,0.992,0.865,1
dvdtmax-vmax-max_dv-camax-carest,0.75,0.5625,0.8125,0.909090909,0.777777778,0.916666667,1,0.142857143,0.75,0.636363636,0.888888889,0.75,2.749995188,1.285711714,3.999988,1.57E-06,0.964285754,0.30000084,0.714285714,0.222222222,0.666666667,0.288752387,0.933649289,0.8,0.955182552,13.21254475,-30.32140777,37.88218768,13.6113826,-25.67165522,21.38005352,72.03390709,40.81753408,-0.292902106,0.000222565,7.28E-05,2.416227739,1.184759215,0.063732419,3.76E-05,3.84E-06,0.9975,1,0.712,0.988,1,0.9865,0.8685,1,0.8735,0.978,0.994,0.3315,0.2685,0.0725,0.685,0.9335,0.206,0.323,0.8935,1,1,1,0.986329114,1,1,0.839,0.9895,1
dvdtmax-vrest-APD50-APD90-carest,0.8125,0.625,0.8125,0.872727273,0.761904762,0.9375,0.6,0.428571429,1,0.909090909,0.777777778,0.75,6.599938401,1.92856725,3.999988,0.440000616,0.642857679,1.50E-06,0.666666667,0.545454545,0.727272727,0.218540211,0.933649289,0.8,-6.560825689,33.10754231,1.600987557,118.3932344,146.140965,-71.32947033,-88.25707939,72.03390709,-88.03022061,287.2062878,364.2659437,7.28E-05,2.416227739,0.020798121,64.31807536,92.85975461,3.84E-06,1,1,0.9845,0.9955,0.9965,1,0.994,1,0.9515,0.998,0.999,0.9595,0.9895,0.602,0.763,0.9995,0.1585,0.81,0.999,1,0.9935,0,1,1,1,0.9985,0.376,0.9995
dvdtmax-vrest-APD50-APD90-CaTD90,0.8125,0.6875,0.8125,0.872727273,0.777777778,0.9375,0.6,0.571428571,1,0.909090909,0.777777778,0.75,6.599938401,2.5714215,3.999988,0.440000616,0.551020985,1.33E-06,0.666666667,0.615384615,0.727272727,0.214486318,0.928909953,0.8,-2.247480579,36.88513557,-25.32489761,107.0705324,103.0942739,-77.2145229,61.52688848,72.03390709,-88.03022061,287.2062878,364.2659437,768.6720229,2.416227739,0.020798121,64.31807536,92.85975461,46.44521373,1,1,0.9925,0.995,1,1,0.995,1,0.961,0.9985,0.9995,0.962,0.9915,0.711,0.768,0.9995,0.117,0.79,0.996,1,0.995,0,1,1,1,0.999,0.4205,1
dvdtmax-vrest-APD50-camax-carest,0.8125,0.6875,0.8125,0.909090909,0.793650794,0.947916667,0.6,0.428571429,1,0.818181818,0.777777778,0.75,4.3999813,2.5714215,3.999988,0.440000616,0.642857545,1.33E-06,0.666666667,0.545454545,0.727272727,0.214872253,0.947867299,0.8,-7.059497881,24.97683478,-6.196893344,98.23379186,69.67772784,-25.05268177,-44.16638631,72.03390709,-88.03022061,287.2062878,0.000222565,7.28E-05,2.416227739,0.020798121,64.31807536,3.76E-05,3.84E-06,1,1,1,0.9845,1,1,0.997,1,0.9905,0.9925,1,0.9815,0.939,0.341,0.866,0.9905,0.122,0.4515,1,1,1,0.018,1,1,1,0.9865,0.924,0.9995
dvdtmax-vrest-APD50-camax-CaTD90,0.8125,0.6875,0.8125,0.909090909,0.777777778,0.916666667,0.6,0.428571429,1,0.818181818,0.777777778,0.75,4.3999813,2.5714215,3.999988,0.440000616,0.642857545,1.33E-06,0.666666667,0.545454545,0.727272727,0.236852658,0.933649289,0.8,-9.687256228,21.36085337,-21.72746773,88.8997725,11.72628895,16.0363136,79.19556515,72.03390709,-88.03022061,287.2062878,0.000222565,768.6720229,2.416227739,0.020798121,64.31807536,3.76E-05,46.44521373,1,1,1,0.9805,1,1,0.997,1,0.9935,0.993,1,0.9955,0.945,0.0055,0.886,0.9905,0.0875,0.4465,1,1,1,0,1,1,1,0.987,0.925,0.9995
dvdtmax-vrest-APD50-carest-CaTD50,0.8125,0.6875,0.8125,0.909090909,0.793650794,0.9375,0.6,0.428571429,1,0.818181818,0.777777778,0.75,4.3999813,2.5714215,3.999988,0.440000616,0.642857545,1.33E-06,0.666666667,0.545454545,0.727272727,0.228410791,0.943127962,0.8,-3.894911611,27.13516306,-2.930287615,97.67430504,54.74106581,-61.41298926,9.119799424,72.03390709,-88.03022061,287.2062878,7.28E-05,327.3555683,2.416227739,0.020798121,64.31807536,3.84E-06,22.17761135,1,1,0.9995,0.9855,1,1,0.997,1,0.989,0.991,1,0.9715,0.939,0.16,0.847,0.99,0.1375,0.4665,1,1,1,0.0055,1,1,1,0.985,0.903,0.999
dvdtmax-vrest-APD90-camax-carest,0.8125,0.6875,0.875,0.890909091,0.825396825,0.979166667,0.8,0.428571429,1,0.818181818,0.888888889,0.833333333,4.3999813,3.857117143,5.99997,0.244445368,0.642857545,1.20E-06,0.727272727,0.545454545,0.8,0.193385163,0.943127962,0.8,-4.456531048,15.12840714,-0.374014038,68.75999321,47.25723673,-5.798633828,-45.2624381,72.03390709,-88.03022061,364.2659437,0.000222565,7.28E-05,2.416227739,0.020798121,92.85975461,3.76E-05,3.84E-06,1,1,1,0.8905,1,1,0.9995,1,0.9995,0.973,1,0.953,0.834,0.76,0.923,0.916,0.2625,0.223,0.9995,1,1,0.0295,1,1,1,0.936,0.9905,0.9975
dvdtmax-vrest-APD90-camax-CaTD50,0.8125,0.6875,0.8125,0.909090909,0.777777778,0.927083333,0.6,0.428571429,1,0.818181818,0.777777778,0.75,4.3999813,2.5714215,3.999988,0.440000616,0.642857545,1.33E-06,0.666666667,0.545454545,0.727272727,0.24071547,0.928909953,0.8,11.09824379,39.55201551,-24.52285253,77.62905215,-1.964377842,11.27927385,43.21521955,72.03390709,-88.03022061,364.2659437,0.000222565,327.3555683,2.416227739,0.020798121,92.85975461,3.76E-05,22.17761135,1,1,1,0.9735,1,0.9985,0.997,1,0.9885,0.9845,1,0.965,0.9075,0.094,0.858,0.9865,0.0835,0.368,0.996,1,1,0,0.997468354,1,1,0.981,0.9585,1
dvdtmax-vrest-APD90-carest-CaTD50,0.8125,0.625,0.8125,0.945454545,0.793650794,0.916666667,0.8,0.285714286,1,0.818181818,0.888888889,0.75,4.3999813,2.571414429,3.999988,0.244445368,0.80357165,1.33E-06,0.727272727,0.4,0.727272727,0.245906362,0.943127962,0.8,2.117118905,54.7576763,-39.78730971,211.2362045,60.99861969,-63.22197952,80.74777956,72.03390709,-88.03022061,364.2659437,7.28E-05,327.3555683,2.416227739,0.020798121,92.85975461,3.84E-06,22.17761135,1,1,1,0.9925,1,1,1,1,0.9615,0.8235,0.9975,0.996,0.7075,0,0.7125,0.501,0.0215,0.112,0.855,1,1,0.6305,1,1,1,0.9945,0.999,0.991
dvdtmax-vrest-APD90-carest-CaTD90,0.8125,0.75,0.8125,0.927272727,0.857142857,0.9375,0.8,0.428571429,1,0.818181818,0.888888889,0.75,4.3999813,5.142819857,3.999988,0.244445368,0.571429,1.33E-06,0.727272727,0.6,0.727272727,0.1444385,0.962085308,0.8,13.43871613,43.20362379,-26.83981236,73.41009426,-34.45121749,106.7021562,122.0333526,72.03390709,-88.03022061,364.2659437,7.28E-05,768.6720229,2.416227739,0.020798121,92.85975461,3.84E-06,46.44521373,1,1,0.9985,0.978,1,1,0.997,1,0.974,0.9935,0.999,0.9065,0.9255,0.7275,0.796,0.991,0.1195,0.522,0.9975,1,1,0.945,0.998987342,1,1,0.9875,0.8355,1
dvdtmax-vrest-APD90-CaTD50-CaTD90,0.8125,0.6875,0.8125,0.909090909,0.777777778,0.927083333,0.6,0.428571429,1,0.818181818,0.777777778,0.75,4.3999813,2.5714215,3.999988,0.4000006,0.642857545,1.33E-06,0.727272727,0.545454545,0.727272727,0.237198806,0.938388626,0.8,-2.147937973,26.18465876,-20.88300086,81.21628094,15.52757874,16.51260995,33.32574377,72.03390709,-88.03022061,364.2659437,327.3555683,768.6720229,2.416227739,0.020798121,92.85975461,22.17761135,46.44521373,1,1,1,0.9605,1,1,0.997,1,0.996,0.9895,1,0.9965,0.9195,0.013,0.9065,0.9725,0.0775,0.387,1,1,1,0.0225,0.999493671,1,1,0.9835,0.9605,0.9995
dvdtmax-vrest-max_dv-camax-carest,0.75,0.6875,0.875,0.854545455,0.857142857,0.979166667,0.8,0.428571429,1,0.727272727,0.888888889,0.833333333,2.933326244,3.857117143,5.99997,0.275000997,0.642857545,1.20E-06,0.666666667,0.545454545,0.8,0.216954137,0.928909953,0.8,-0.205926666,11.78122275,-4.903037663,45.30696551,19.89159211,-5.316750537,-23.3280153,72.03390709,-88.03022061,-0.292902106,0.000222565,7.28E-05,2.416227739,0.020798121,0.063732419,3.76E-05,3.84E-06,1,0.9995,1,0.6585,1,1,1,1,0.997,0.9365,1,0.9545,0.68,0.8165,0.826,0.7055,0.3935,0.07,0.9955,1,1,0.0045,1,1,1,0.8225,0.999,0.9975
dvdtmax-vrest-max_dv-camax-CaTD50,0.6875,0.5625,0.875,0.872727273,0.777777778,0.947916667,0.8,0.142857143,1,0.545454545,0.888888889,0.833333333,2.1999967,1.285711714,5.99997,0.314286792,0.964285754,1.20E-06,0.615384615,0.222222222,0.8,0.299902605,0.914691943,0.8,-25.83945668,5.874930458,37.74213586,25.6275361,108.1990813,-17.50149811,-34.53161157,72.03390709,-88.03022061,-0.292902106,0.000222565,327.3555683,2.416227739,0.020798121,0.063732419,3.76E-05,22.17761135,1,1,0.999,1,1,0.999,1,1,0.85,0.2045,0.959,0.331,0.1105,0.5715,0.4875,0.523,0.197,0,0.895,1,1,0.735,1,1,1,0,1,0.968
dvdtmax-vrest-max_dv-carest-CaTD50,0.8125,0.6875,0.8125,0.909090909,0.793650794,0.927083333,0.6,0.428571429,1,0.818181818,0.777777778,0.75,4.3999813,2.5714215,3.999988,0.440000616,0.642857545,1.33E-06,0.666666667,0.545454545,0.727272727,0.234642491,0.938388626,0.8,11.698861,38.84501525,-24.10622184,73.94946732,0.345874726,11.80819056,39.31180909,72.03390709,-88.03022061,-0.292902106,7.28E-05,327.3555683,2.416227739,0.020798121,0.063732419,3.84E-06,22.17761135,1,1,1,0.9645,1,0.997,0.9975,1,0.99,0.987,1,0.97,0.904,0.1665,0.865,0.978,0.082,0.369,0.995,1,1,0.0105,0.995949367,1,1,0.9805,0.9625,1
dvdtmax-vrest-max_dv-CaTD50-CaTD90,0.8125,0.6875,0.8125,0.909090909,0.777777778,0.916666667,0.6,0.428571429,1,0.818181818,0.777777778,0.75,4.3999813,2.5714215,3.999988,0.440000616,0.642857545,1.33E-06,0.666666667,0.545454545,0.727272727,0.238803614,0.938388626,0.8,7.800443474,34.63937551,-22.83652796,76.43121164,3.978662452,35.86972704,0.414197574,72.03390709,-88.03022061,-0.292902106,327.3555683,768.6720229,2.416227739,0.020798121,0.063732419,22.17761135,46.44521373,1,1,1,0.948,1,1,0.997,1,0.995,0.9895,1,0.9935,0.9165,0.0425,0.877,0.9665,0.0725,0.3875,0.996,1,1,0.0105,0.998481013,1,1,0.984,0.9585,1
dvdtmax-vrest-camax-CaTD50-CaTD90,0.8125,0.6875,0.8125,0.909090909,0.777777778,0.927083333,0.6,0.428571429,1,0.818181818,0.777777778,0.75,4.3999813,2.5714215,3.999988,0.440000616,0.642857545,1.33E-06,0.666666667,0.545454545,0.727272727,0.229267797,0.943127962,0.8,-21.73990918,6.625832257,-7.317022231,87.52744043,49.80332301,-42.01419618,173.5681783,72.02405995,-88.03028897,0.000222524,327.3362708,768.6722188,2.434174718,0.020895704,3.76E-05,22.17423484,46.4212134,1,1,1,0.985,1,1,0.997,1,0.992,0.994,1,0.9865,0.947,0.002,0.864,0.9915,0.153,0.536,1,1,1,0.1235,1,1,1,0.99,0.801,0.999
vmax-vrest-APD50-APD90-carest,0.8125,0.6875,0.8125,0.872727273,0.761904762,0.9375,0.6,0.428571429,1,0.909090909,0.777777778,0.75,6.599938401,2.142853714,3.999988,0.440000616,0.642857545,1.33E-06,0.666666667,0.545454545,0.727272727,0.217186194,0.933649289,0.8,-6.900176576,32.63738168,1.800337619,117.00105,142.2330834,-67.57322527,-88.23920072,40.81753408,-88.03022061,287.2062878,364.2659437,7.28E-05,1.184759215,0.020798121,64.31807536,92.85975461,3.84E-06,1,1,0.984,0.9955,0.9995,1,0.9945,1,0.951,0.998,0.999,0.9595,0.989,0.613,0.762,0.9995,0.161,0.8105,0.999,1,0.9935,0,1,1,1,0.998,0.383,0.9995
vmax-vrest-APD50-APD90-CaTD90,0.8125,0.6875,0.8125,0.945454545,0.841269841,0.916666667,0.8,0.285714286,1,0.727272727,0.888888889,0.75,3.666656889,3.857117143,3.999988,0.244445368,0.714286,1.33E-06,0.727272727,0.444444444,0.727272727,0.227756866,0.962085308,0.8,2.888267638,50.7020476,-9.79162103,189.5760541,-10.90355381,73.8057023,115.9377514,40.81753408,-88.03022061,287.2062878,364.2659437,768.6720229,1.184759215,0.020798121,64.31807536,92.85975461,46.44521373,1,1,1,0.99,1,1,1,1,0.98,0.822,0.9995,0.905,0.6355,0.076,0.74,0.6795,0.0935,0.0665,0.9945,1,1,0.9325,1,1,1,0.981,1,1
vmax-vrest-APD50-camax-CaTD90,0.8125,0.6875,0.8125,0.963636364,0.857142857,0.927083333,0.8,0.285714286,1,0.818181818,0.888888889,0.75,4.3999813,3.857117143,3.999988,0.220000858,0.714286,1.33E-06,0.769230769,0.444444444,0.727272727,0.180651356,0.962085308,0.8,3.669079814,33.29869209,14.6696848,75.3568196,3.868477252,26.11277427,81.77857751,40.81753408,-88.03022061,287.2062878,0.000222565,768.6720229,1.184759215,0.020798121,64.31807536,3.76E-05,46.44521373,1,1,0.999,0.9845,1,1,0.997,1,0.9745,0.995,0.9995,0.9145,0.7875,0.181,0.786,0.9955,0.144,0.5095,0.9965,1,1,1,1,1,1,0.989,0.8805,1
vmax-vrest-APD50-carest-CaTD50,0.8125,0.6875,0.8125,0.927272727,0.841269841,0.9375,0.6,0.428571429,1,0.818181818,0.777777778,0.75,4.3999813,3.21427575,3.999988,0.4000006,0.571429,1.33E-06,0.727272727,0.6,0.727272727,0.14768887,0.966824645,0.8,-6.237265758,26.39825402,20.4789984,90.93318224,71.85234576,-85.44233379,-3.266205922,40.81753408,-88.03022061,287.2062878,7.28E-05,327.3555683,1.184759215,0.020798121,64.31807536,3.84E-06,22.17761135,1,1,0.991,0.992,1,0.9995,0.9955,1,0.962,0.9955,0.9995,0.9045,0.887,0.753,0.7715,0.9975,0.216,0.6475,0.9995,1,0.997,0.8315,1,1,1,0.994,0.7375,0.999
vmax-vrest-APD50-carest-CaTD90,0.8125,0.5625,0.6875,0.963636364,0.873015873,0.916666667,1,0,1,0.727272727,1,0.583333333,3.666656889,1.000000039,2.39999664,1.37E-06,1,1.71E-06,0.769230769,0,0.615384615,0.316364339,0.943127962,0.8,-3.366803862,25.54300227,-7.686222599,247.3340634,6.246038944,47.694492,268.0111036,40.81753408,-88.03022061,287.2062878,7.28E-05,768.6720229,1.184759215,0.020798121,64.31807536,3.84E-06,46.44521373,1,1,1,0.9895,1,1,1,1,0.7385,0.1745,0.881,0.511,0.353,0,0.391,0.055,0,0.026,0.2125,1,1,1,1,1,1,1,1,0.9245
vmax-vrest-APD90-camax-carest,0.8125,0.6875,0.8125,0.927272727,0.873015873,0.9375,0.8,0.428571429,1,0.727272727,0.888888889,0.833333333,3.666656889,5.142819857,4.499979,0.244445368,0.642857545,1.33E-06,0.727272727,0.545454545,0.727272727,0.147530882,0.966824645,0.8,-4.802291239,18.33747987,26.95169216,66.55369466,52.85682887,18.49571592,-90.27589236,40.81753408,-88.03022061,364.2659437,0.000222565,7.28E-05,1.184759215,0.020798121,92.85975461,3.76E-05,3.84E-06,0.9995,1,0.9935,0.9705,1,0.998,0.997,1,0.9845,0.985,0.999,0.759,0.665,0.8475,0.791,0.98,0.3085,0.478,1,1,1,0.995,1,1,1,0.9735,0.8795,0.9965
vmax-vrest-APD90-carest-CaTD50,0.8125,0.6875,0.8125,0.963636364,0.873015873,0.9375,0.8,0.285714286,1,0.818181818,0.888888889,0.75,4.3999813,6.428522572,3.999988,0.220000858,0.714286,1.33E-06,0.769230769,0.444444444,0.727272727,0.173137673,0.966824645,0.8,-2.990159384,20.55081428,23.44771483,65.24415748,52.34147997,-61.77133393,2.190050475,40.81753408,-88.03022061,364.2659437,7.28E-05,327.3555683,1.184759215,0.020798121,92.85975461,3.84E-06,22.17761135,1,1,0.9995,0.967,1,0.997,0.9975,1,0.987,0.987,1,0.894,0.642,0.3865,0.8225,0.977,0.216,0.3885,1,1,1,1,1,1,1,0.968,0.9595,0.9975
vmax-vrest-APD90-CaTD50-CaTD90,0.8125,0.6875,0.8125,0.945454545,0.873015873,0.9375,0.8,0.428571429,1,0.818181818,0.888888889,0.75,4.3999813,5.142819857,3.999988,0.220000858,0.642857545,1.33E-06,0.769230769,0.545454545,0.727272727,0.161875195,0.966824645,0.8,-12.37662662,13.48740413,23.94017243,66.19833187,34.46212653,-37.90584322,108.5605443,40.81753408,-88.03022061,364.2659437,327.3555683,768.6720229,1.184759215,0.020798121,92.85975461,22.17761135,46.44521373,1,1,0.999,0.976,1,1,0.997,1,0.9825,0.9975,1,0.9495,0.71,0.4095,0.818,0.984,0.192,0.5545,0.998,1,1,1,1,1,1,0.988,0.859,0.9995
vmax-vrest-max_dv-camax-carest,0.75,0.6875,0.875,0.890909091,0.841269841,0.979166667,0.8,0.428571429,1,0.727272727,0.888888889,0.833333333,2.933326244,3.857117143,5.99997,0.275000997,0.642857545,1.20E-06,0.666666667,0.545454545,0.8,0.197672586,0.938388626,0.8,-1.215046541,12.51152581,8.669971492,45.95214237,23.61090613,12.96023026,-51.8913864,40.81753408,-88.03022061,-0.292902106,0.000222565,7.28E-05,1.184759215,0.020798121,0.063732419,3.76E-05,3.84E-06,0.9995,0.998,0.998,0.9045,1,0.963,0.9995,1,0.99,0.8765,0.9995,0.7645,0.457,0.999,0.7295,0.894,0.491,0.0625,0.988,1,1,0.4165,1,1,1,0.8115,1,0.964
vmax-vrest-max_dv-camax-CaTD50,0.8125,0.6875,0.8125,0.927272727,0.777777778,0.916666667,0.8,0.285714286,1,0.818181818,0.888888889,0.75,4.3999813,3.857117143,3.999988,0.244445368,0.714286,1.33E-06,0.727272727,0.444444444,0.727272727,0.23347809,0.924170616,0.8,0.460555591,11.16747276,-5.403919871,28.42012754,7.075150641,-0.934254058,12.07566959,40.81753408,-88.03022061,-0.292902106,0.000222565,327.3555683,1.184759215,0.020798121,0.063732419,3.76E-05,22.17761135,1,1,1,0.949,1,0.925,0.996,1,0.9765,0.7345,1,0.9925,0.6185,0,0.929,0.944,0.0475,0.0395,0.996,1,1,0.7345,1,1,1,0.6505,1,0.985
vmax-vrest-max_dv-carest-CaTD50,0.8125,0.6875,0.8125,0.945454545,0.873015873,0.958333333,0.8,0.285714286,1,0.818181818,0.888888889,0.75,4.3999813,3.857117143,3.999988,0.244445368,0.714286,1.33E-06,0.727272727,0.444444444,0.727272727,0.218399254,0.952606635,0.8,-0.045396538,14.34201316,2.37608392,45.3633455,19.8503047,-26.18827009,5.375185588,40.81753408,-88.03022061,-0.292902106,7.28E-05,327.3555683,1.184759215,0.020798121,0.063732419,3.84E-06,22.17761135,1,1,1,0.891,1,0.9615,0.999,1,0.991,0.8795,1,0.9545,0.532,0.1615,0.837,0.887,0.167,0.056,0.9995,1,1,0.8785,1,1,1,0.819,1,0.978
vmax-vrest-max_dv-carest-CaTD90,0.75,0.6875,0.8125,0.909090909,0.825396825,0.9375,0.6,0.428571429,1,0.818181818,0.777777778,0.833333333,3.29998735,2.5714215,4.499979,0.488889514,0.642857545,1.33E-06,0.6,0.545454545,0.727272727,0.192854421,0.957345972,0.8,21.10140485,46.16380211,-7.801242426,58.74230145,-29.47040116,118.433619,117.1123267,40.81753408,-88.03022061,-0.292902106,7.28E-05,768.6720229,1.184759215,0.020798121,0.063732419,3.84E-06,46.44521373,1,1,0.9915,0.979,1,0.9995,0.9935,1,0.963,0.9955,0.998,0.7795,0.9735,0.601,0.808,0.9965,0.1355,0.871,0.9965,1,0.5995,0.9995,1,1,1,0.9905,0.261,1
vmax-vrest-carest-CaTD50-CaTD90,0.8125,0.75,0.8125,0.945454545,0.888888889,0.947916667,0.8,0.428571429,1,0.818181818,0.888888889,0.75,4.3999813,5.142819857,3.999988,0.220000858,0.571429,1.33E-06,0.769230769,0.6,0.727272727,0.13473269,0.971563981,0.8,-15.54083781,11.34944316,13.61185154,64.89762451,94.94244625,-75.38311815,227.3731351,40.79794507,-88.03028897,7.28E-05,327.3362708,768.6722188,1.331177912,0.020895704,3.85E-06,22.17423484,46.4212134,1,1,0.9985,0.982,1,1,0.995,1,0.9775,0.9975,0.9985,0.949,0.802,0.787,0.821,0.988,0.1805,0.6305,0.9985,1,0.9995,1,1,1,1,0.99,0.758,1
vmax-APD50-APD90-max_dv-CaTD90,0.8125,0.625,0.8125,0.927272727,0.80952381,0.895833333,0.6,0.428571429,1,0.909090909,0.777777778,0.75,6.599938401,1.92856725,3.999988,0.440000616,0.734694219,1.33E-06,0.666666667,0.5,0.727272727,0.279021262,0.933649289,0.8,-33.90530952,30.08473617,92.39636539,50.17681266,-10.12564859,52.77853782,-9.942883937,40.81753408,287.2062878,364.2659437,-0.292902106,768.6720229,1.184759215,64.31807536,92.85975461,0.063732419,46.44521373,1,1,0.9905,1,1,0.985,1,1,0.1835,1,0.0615,0.931,0.921,0.978,0.0145,0.4495,0.108,0.97,0.3105,1,0.28,1,1,1,1,0.002,0.2375,1
vmax-APD50-camax-carest-CaTD50,0.8125,0.625,0.6875,0.927272727,0.777777778,0.916666667,0.8,0.142857143,1,0.818181818,0.888888889,0.583333333,4.3999813,2.571414429,2.39999664,0.244445368,0.857143,1.71E-06,0.727272727,0.25,0.615384615,0.23519289,0.933649289,0.8,-5.968191312,1.320893101,20.74583,69.45170637,-125.486946,87.20475263,-36.06919412,40.81753408,287.2062878,0.000222565,7.28E-05,327.3555683,1.184759215,64.31807536,3.76E-05,3.84E-06,22.17761135,1,1,1,0.9845,0.9895,0.993,0.958,0.9985,0.6235,0.9735,0.8285,0.53,0.563,0.625,0.4995,0.3545,0.0015,0.7545,5.00E-04,1,0.9935,1,1,1,1,0.984,0.742,0.9985
vmax-APD90-camax-carest-CaTD50,0.8125,0.625,0.8125,0.927272727,0.825396825,0.9375,1,0.142857143,0.75,0.727272727,0.888888889,0.75,3.666656889,3.857117143,3.999988,1.38E-06,0.857143,0.272728066,0.769230769,0.25,0.725757576,0.245497417,0.938388626,0.8,-3.41570594,5.578687943,24.85044649,27.5338155,-12.42919734,-7.085449247,-5.990517881,40.81753408,364.2659437,0.000222565,7.28E-05,327.3555683,1.184759215,92.85975461,3.76E-05,3.84E-06,22.17761135,0.9985,1,0.9505,0.9925,1,0.977,0.8995,1,0.9235,0.9655,0.998,0.216,0.193,0.602,0.8205,0.9165,0.1705,0.276,0.925,1,1,1,1,1,1,0.649,0.9965,0.998
vrest-APD50-APD90-camax-carest,0.8125,0.6875,0.8125,0.890909091,0.761904762,0.9375,0.6,0.428571429,1,0.909090909,0.777777778,0.75,6.599938401,2.5714215,3.999988,0.440000616,0.642857545,1.33E-06,0.666666667,0.545454545,0.727272727,0.21525017,0.943127962,0.8,-5.334553208,34.19966442,116.1536058,143.4507671,-68.47524611,-12.61670041,-70.3539884,-88.03022061,287.2062878,364.2659437,0.000222565,7.28E-05,0.020798121,64.31807536,92.85975461,3.76E-05,3.84E-06,1,1,0.9925,0.995,0.997,1,0.995,1,0.955,0.999,1,0.9705,0.9885,0.5785,0.7745,0.9995,0.1335,0.78,0.9965,1,0.995,0,1,1,1,0.998,0.4625,1
vrest-APD50-APD90-carest-CaTD50,0.8125,0.625,0.8125,0.890909091,0.761904762,0.927083333,0.6,0.428571429,1,0.909090909,0.777777778,0.75,6.599938401,1.92856725,3.999988,0.440000616,0.734694219,1.33E-06,0.666666667,0.5,0.727272727,0.226050747,0.938388626,0.8,-4.037631987,35.39029692,116.2445542,135.9333644,-69.23947815,-78.03214761,5.623216983,-88.03022061,287.2062878,364.2659437,7.28E-05,327.3555683,0.020798121,64.31807536,92.85975461,3.84E-06,22.17761135,1,1,0.992,0.995,0.9925,1,0.9945,1,0.953,0.999,0.9995,0.97,0.989,0.434,0.77,0.9995,0.1365,0.7925,0.9965,1,0.9945,0,1,1,1,0.998,0.4325,1
vrest-APD50-max_dv-carest-CaTD50,0.875,0.625,0.75,0.936363636,0.793650794,0.875,0.8,0.142857143,1,0.818181818,0.888888889,0.666666667,5.49997525,3.857117143,2.999994,0.220000858,0.857143,1.50E-06,0.8,0.25,0.666666667,0.264554574,0.938388626,0.8,-11.80073294,67.39277148,141.0421423,93.60013168,-3.90994653,92.61891329,115.158198,-88.03022061,287.2062878,-0.292902106,7.28E-05,327.3555683,0.020798121,64.31807536,0.063732419,3.84E-06,22.17761135,1,1,1,1,1,0.9995,1,1,0.668,0.9755,0.674,0.943,0.724,0,0.3065,0.3435,0.001,0.234,0.371,1,1,0.9705,1,1,1,0.127,0.997,0.9995
vrest-APD50-camax-carest-CaTD90,0.8125,0.6875,0.8125,0.927272727,0.793650794,0.927083333,0.6,0.428571429,1,0.818181818,0.777777778,0.75,4.3999813,2.5714215,3.999988,0.440000616,0.642857545,1.33E-06,0.666666667,0.545454545,0.727272727,0.226812491,0.947867299,0.8,-6.186063418,24.39284133,95.62023617,33.7873551,21.97603774,-48.32980331,47.66100823,-88.03022061,287.2062878,0.000222565,7.28E-05,768.6720229,0.020798121,64.31807536,3.76E-05,3.84E-06,46.44521373,1,1,1,0.9835,1,1,0.9975,1,0.989,0.9905,1,0.976,0.9305,0.0225,0.8405,0.9895,0.1425,0.4745,1,1,1,0.172,1,1,1,0.9865,0.8965,0.999
vrest-APD90-max_dv-camax-CaTD90,0.8125,0.5625,0.75,0.981818182,0.857142857,0.916666667,1,0,1,0.727272727,1,0.666666667,3.666656889,1.000002252,2.999994,1.37E-06,1,1.50E-06,0.769230769,0,0.666666667,0.303586134,0.933649289,0.8,-1.038919454,26.97800988,192.4811592,-13.92897178,56.79083743,-55.28348849,106.2954359,-88.03022061,364.2659437,-0.292902106,0.000222565,768.6720229,0.020798121,92.85975461,0.063732419,3.76E-05,46.44521373,1,1,1,0.966,1,0.999,1,1,0.837,0.458,0.9685,0.474,0.4245,0,0.452,0.043,0.001,0.0345,0.3975,1,1,1,1,1,1,1,1,0.6855
vrest-APD90-carest-CaTD50-CaTD90,0.8125,0.75,0.8125,0.945454545,0.888888889,0.947916667,0.8,0.428571429,1,0.818181818,0.888888889,0.833333333,4.3999813,5.142819857,4.499979,0.244445368,0.571429,1.33E-06,0.727272727,0.6,0.727272727,0.132740151,0.966824645,0.8,-14.17495499,13.06221564,65.61705042,-23.78899925,150.0145332,-86.90209075,280.4108307,-88.03022061,364.2659437,7.28E-05,327.3555683,768.6720229,0.020798121,92.85975461,3.84E-06,22.17761135,46.44521373,1,1,0.998,0.9765,1,1,0.9925,1,0.982,0.9955,0.9985,0.9505,0.863,0.8,0.8335,0.987,0.158,0.616,0.998,1,0.996,1,1,1,1,0.988,0.738,1
qNet-vmax-vrest-APD50-camax,0.8125,0.6875,0.875,0.872727273,0.793650794,0.9375,0.6,0.571428571,0.75,0.909090909,0.777777778,0.833333333,6.599938401,2.5714215,5.99997,0.440000616,0.551020985,0.25000075,0.666666667,0.615384615,0.75,0.192063836,0.933649289,0.766666667,-1.568315142,38.71111847,-36.57597926,-4.426500482,59.78483758,25.28764736,-25.42401894,63.95253604,40.81753408,-88.03022061,287.2062878,0.000222565,15.85634121,1.184759215,0.020798121,64.31807536,3.76E-05,1,1,0.9715,0.9955,1,1,0.996,1,0.949,0.999,1,0.9625,0.9945,0.9795,0.796,0.999,0.1395,0.7895,0.9965,1,0.997,0,1,1,1,0.999,0.4185,1
qNet-vmax-vrest-max_dv-camax,0.875,0.5625,0.6875,0.963636364,0.761904762,0.833333333,0.6,0.285714286,1,1,0.777777778,0.583333333,599999.6832,1.285713,2.39999664,0.4000006,0.918367452,1.71E-06,0.75,0.363636364,0.615384615,0.373879618,0.947867299,0.766666667,-57.471311,14.69479591,-41.47947445,88.74595094,18.01270637,67.87303978,-35.9620848,63.95253604,40.81753408,-88.03022061,-0.292902106,0.000222565,15.85634121,1.184759215,0.020798121,0.063732419,3.76E-05,1,1,1,1,1,0.985,1,1,0.074,0.9975,0.008,0.9745,0.9725,0,0.003,0.089,0.01,0.9995,0.0235,1,0.0015,0.9995,1,1,1,0.0785,0.068,0.642
qNet-vmax-vrest-carest-CaTD50,0.8125,0.625,0.75,0.890909091,0.777777778,0.895833333,0.6,0.428571429,1,0.909090909,0.777777778,0.666666667,6.599938401,1.92856725,2.999994,0.440000616,0.734694219,1.50E-06,0.666666667,0.5,0.666666667,0.26208635,0.91943128,0.766666667,-9.349778508,76.0496522,-91.10197945,-31.8693607,118.3331473,-7.344384464,40.54024314,63.97825074,40.79794507,-88.03028897,7.28E-05,327.3362708,15.86819615,1.331177912,0.020895704,3.85E-06,22.17423484,1,1,0.9995,0.997,1,0.9995,0.9985,1,0.916,0.999,0.9925,0.9935,0.9965,0.052,0.734,0.9895,0.0595,0.6925,0.962,1,1,0,1,1,1,0.9955,0.5975,1
dvdtmax-vmax-vrest-APD50-carest,0.8125,0.6875,0.8125,0.854545455,0.777777778,0.9375,0.6,0.567857143,1,0.818181818,0.777777778,0.75,4.3999813,2.5714215,3.999988,0.440000616,0.571429,1.33E-06,0.666666667,0.6,0.727272727,0.210269177,0.924170616,0.766666667,-14.016402,20.98525156,-33.08868665,29.6599859,92.3793296,69.11146997,-86.6441898,72.03390709,40.81753408,-88.03022061,287.2062878,7.28E-05,2.416227739,1.184759215,0.020798121,64.31807536,3.84E-06,1,1,0.9895,0.9935,1,1,0.995,1,0.959,0.997,0.9995,0.919,0.95,0.8215,0.7715,0.999,0.197,0.7595,0.999,1,0.994,0,1,1,1,0.9955,0.5605,0.9995
dvdtmax-APD50-carest-CaTD50-CaTD90,0.75,0.625,0.8125,0.890909091,0.80952381,0.958333333,0.6,0.428571429,1,0.818181818,0.777777778,0.75,3.29998735,1.92856725,3.999988,0.488889514,0.734694219,1.33E-06,0.6,0.5,0.727272727,0.221869712,0.938388626,0.766666667,-33.08412137,-24.86123621,-4.130511768,-32.95546356,154.5581972,-105.3950435,277.0938141,72.03390709,287.2062878,7.28E-05,327.3555683,768.6720229,2.416227739,64.31807536,3.84E-06,22.17761135,46.44521373,1,1,0.997,0.9595,1,1,0.807,1,0.9265,0.8985,0.941,0.9875,0.6875,0.2225,0.954,0.908,0.102,0.737,0.9375,1,0.4695,1,0.997974684,1,0.9965,0.643,0.4425,1
vmax-APD50-APD90-carest-CaTD90,0.8125,0.5625,0.75,0.927272727,0.777777778,0.895833333,1,0.142857143,0.75,0.727272727,0.888888889,0.666666667,3.666656889,1.285711714,2.999992,1.38E-06,0.964285754,0.333334222,0.769230769,0.222222222,0.6,0.28888704,0.933649289,0.766666667,1.774816182,14.00129261,15.5124639,35.8534658,-30.5697009,23.342825,21.3411993,40.81753408,287.2062878,364.2659437,7.28E-05,768.6720229,1.184759215,64.31807536,92.85975461,3.84E-06,46.44521373,0.9995,1,0.6505,1,1,0.9895,0.747,1,0.8025,0.95,0.994,0.169,0.3485,0.3335,0.7205,0.9615,0.104,0.3465,0.8135,1,1,1,1,1,1,0.785,0.9825,1
vrest-APD90-camax-carest-CaTD50,0.8125,0.6875,0.75,0.872727273,0.777777778,0.927083333,0.6,0.428571429,1,0.818181818,0.777777778,0.666666667,4.3999813,2.5714215,2.999994,0.440000616,0.714286,1.50E-06,0.666666667,0.5,0.666666667,0.265814901,0.909952607,0.766666667,0.417956994,25.22295259,84.28454952,17.29481089,56.47103442,-94.69418577,27.99332893,-88.03022061,364.2659437,0.000222565,7.28E-05,327.3555683,0.020798121,92.85975461,3.76E-05,3.84E-06,22.17761135,1,1,0.9995,0.972,1,0.996,0.998,1,0.9915,0.976,1,0.9225,0.89,5.00E-04,0.8405,0.979,0.203,0.378,1,1,1,0,1,1,1,0.968,0.9025,0.9945
qNet-dvdtmax-vrest-max_dv-camax,0.8125,0.6875,0.8125,0.854545455,0.825396825,0.9375,0.6,0.571428571,0.75,0.909090909,0.777777778,0.75,6.599938401,2.5714215,3.999988,0.440000616,0.551020985,0.272728066,0.666666667,0.615384615,0.727272727,0.21356568,0.924170616,0.733333333,-6.604414604,34.33119373,-44.26418405,-12.92594463,48.1047097,11.56399339,-20.98369131,63.95253604,72.03390709,-88.03022061,-0.292902106,0.000222565,15.85634121,2.416227739,0.020798121,0.063732419,3.76E-05,1,1,0.9705,0.9955,1,1,0.996,1,0.948,0.999,0.9995,0.969,0.9915,0.9935,0.7895,0.999,0.137,0.721,0.996,1,1,0,1,1,1,0.999,0.5775,1
qNet-dvdtmax-vrest-max_dv-carest,0.8125,0.6875,0.8125,0.854545455,0.825396825,0.9375,0.6,0.571428571,0.75,0.909090909,0.777777778,0.75,6.599938401,2.5714215,3.999988,0.440000616,0.551020985,0.25000075,0.666666667,0.615384615,0.727272727,0.21612218,0.924170616,0.733333333,-10.17916665,30.85736282,-44.87809493,-3.759009727,51.56992503,13.0566534,-35.01117174,63.95253604,72.03390709,-88.03022061,-0.292902106,7.28E-05,15.85634121,2.416227739,0.020798121,0.063732419,3.84E-06,1,1,0.9755,0.9955,1,1,0.9955,1,0.945,0.999,0.999,0.979,0.9915,0.933,0.7855,0.9995,0.1405,0.7325,0.997,1,1,0,1,1,1,0.999,0.558,1
qNet-dvdtmax-vrest-max_dv-CaTD50,0.8125,0.625,0.75,0.890909091,0.761904762,0.875,0.6,0.285714286,1,0.818181818,0.777777778,0.666666667,4.3999813,1.92856725,2.999994,0.440000616,0.80357165,1.50E-06,0.666666667,0.4,0.666666667,0.290349956,0.924170616,0.733333333,-8.573981114,94.28587559,-142.0850009,-36.44038085,124.3108909,-12.77246395,59.93891637,63.95253604,72.03390709,-88.03022061,-0.292902106,327.3555683,15.85634121,2.416227739,0.020798121,0.063732419,22.17761135,1,1,0.999,0.9985,1,1,0.9995,1,0.7565,0.987,0.879,0.9405,0.9625,0.0155,0.5485,0.987,0.0425,0.519,0.778,1,1,0,1,1,1,1,0.865,1
qNet-dvdtmax-carest-CaTD50-CaTD90,0.8125,0.625,0.8125,0.909090909,0.761904762,0.916666667,0.6,0.571428571,0.75,0.818181818,0.666666667,0.75,4.3999813,1.92856725,3.999988,0.440000616,0.642857679,0.30000084,0.666666667,0.571428571,0.666666667,0.208012252,0.952606635,0.733333333,-34.67223911,3.670144015,-55.92040298,26.14039314,80.04427871,-98.99919349,193.437621,63.97825074,72.02405995,7.28E-05,327.3362708,768.6722188,15.86819615,2.434174718,3.85E-06,22.17423484,46.4212134,0.9985,1,0.407,0.9985,1,1,0.9695,1,0.847,0.9975,0.989,0.8085,0.9795,0.998,0.737,1,0.189,0.8325,0.994,1,0.965,0.614,1,1,1,0.996,0.3665,1
qNet-vmax-vrest-APD50-max_dv,0.8125,0.75,0.75,0.836363636,0.841269841,0.916666667,0.6,0.571428571,0.75,0.909090909,0.777777778,0.75,6.599938401,3.21427575,2.999994,0.440000616,0.48214344,0.30000084,0.666666667,0.666666667,0.666666667,0.243466395,0.909952607,0.733333333,-10.37828449,30.57517488,-64.12278349,-7.732582222,16.60002903,-36.87384629,21.05685222,63.95253604,40.81753408,-88.03022061,287.2062878,-0.292902106,15.85634121,1.184759215,0.020798121,64.31807536,0.063732419,1,1,0.9335,0.997,1,0.9995,0.9885,1,0.932,0.998,0.997,0.966,0.981,0.9685,0.7865,1,0.1135,0.58,0.995,1,1,0,1,1,1,0.996,0.7615,1
qNet-vmax-vrest-APD50-CaTD50,0.8125,0.6875,0.8125,0.854545455,0.80952381,0.927083333,0.6,0.571428571,0.75,0.909090909,0.777777778,0.75,6.599938401,2.5714215,3.999988,0.440000616,0.551020985,0.272728066,0.666666667,0.615384615,0.666666667,0.221501597,0.91943128,0.733333333,-1.137617031,40.1118988,-46.61370256,-9.584578366,45.29672813,-1.913856622,11.82103621,63.95253604,40.81753408,-88.03022061,287.2062878,327.3555683,15.85634121,1.184759215,0.020798121,64.31807536,22.17761135,1,1,0.963,0.997,1,0.9995,0.9915,1,0.9395,0.998,0.9995,0.945,0.9925,0.878,0.7985,1,0.118,0.7215,0.996,1,1,0,1,1,1,0.998,0.5115,1
qNet-vmax-vrest-APD90-CaTD50,0.8125,0.6875,0.8125,0.854545455,0.80952381,0.9375,0.6,0.571428571,0.75,0.909090909,0.777777778,0.75,6.599938401,2.5714215,3.999988,0.440000616,0.551020985,0.272728066,0.666666667,0.615384615,0.666666667,0.21559662,0.91943128,0.733333333,-0.769220202,40.31852799,-45.28841839,-8.982765895,45.96590323,-0.42724857,12.0178112,63.95253604,40.81753408,-88.03022061,364.2659437,327.3555683,15.85634121,1.184759215,0.020798121,92.85975461,22.17761135,1,1,0.962,0.997,1,0.9995,0.992,1,0.9395,0.9975,0.9995,0.9355,0.99,0.8815,0.798,1,0.1185,0.697,0.996,1,1,0,1,1,1,0.998,0.5615,1
qNet-vmax-vrest-max_dv-CaTD50,0.8125,0.6875,0.8125,0.854545455,0.80952381,0.9375,0.6,0.571428571,0.75,0.909090909,0.777777778,0.75,6.599938401,2.5714215,3.999988,0.440000616,0.551020985,0.272728066,0.666666667,0.615384615,0.666666667,0.221190025,0.91943128,0.733333333,-0.837581878,40.35002083,-45.77939562,-9.634747944,46.25744032,-1.067516657,12.19796253,63.95253604,40.81753408,-88.03022061,-0.292902106,327.3555683,15.85634121,1.184759215,0.020798121,0.063732419,22.17761135,1,1,0.9635,0.997,1,0.9995,0.9915,1,0.9395,0.998,0.9995,0.942,0.993,0.874,0.799,1,0.118,0.7275,0.996,1,1,0,1,1,1,0.998,0.4965,1
qNet-vmax-vrest-camax-carest,0.8125,0.6875,0.8125,0.836363636,0.825396825,0.9375,0.6,0.571428571,0.75,0.909090909,0.666666667,0.75,6.599938401,2.5714215,3.999988,0.440000616,0.551020985,0.30000084,0.666666667,0.615384615,0.666666667,0.234595503,0.91943128,0.733333333,-2.645680868,39.9236518,-55.61165242,-12.37973387,37.03397564,-23.63541933,20.61132591,63.97825074,40.79794507,-88.03028897,0.000222524,7.28E-05,15.86819615,1.331177912,0.020895704,3.76E-05,3.85E-06,1,1,0.907,0.997,1,0.9995,0.9895,1,0.9305,0.999,0.996,0.9685,0.9995,0.9805,0.797,0.999,0.1235,0.9065,0.9955,1,0.981,0,1,1,1,0.999,0.138,1
qNet-vmax-vrest-camax-CaTD50,0.8125,0.6875,0.8125,0.854545455,0.80952381,0.9375,0.6,0.571428571,0.75,0.909090909,0.777777778,0.75,6.599938401,2.5714215,3.999988,0.440000616,0.551020985,0.272728066,0.666666667,0.615384615,0.666666667,0.222139747,0.91943128,0.733333333,-1.856699621,39.7593233,-47.76878852,-11.33240927,47.60611819,-5.43312641,9.016932791,63.97825074,40.79794507,-88.03028897,0.000222524,327.3362708,15.86819615,1.331177912,0.020895704,3.76E-05,22.17423484,1,1,0.964,0.9965,1,0.9995,0.9925,1,0.9415,0.999,0.9995,0.9665,0.9985,0.915,0.8015,1,0.1175,0.8105,0.996,1,0.997,0,1,1,1,0.9985,0.3515,1
qNet-vmax-vrest-camax-CaTD90,0.8125,0.6875,0.75,0.836363636,0.825396825,0.90625,0.6,0.571428571,0.75,0.909090909,0.666666667,0.75,6.599938401,2.5714215,2.999994,0.488889514,0.48214344,0.30000084,0.6,0.666666667,0.666666667,0.258212517,0.914691943,0.733333333,-13.649112,69.0579833,-109.3966341,-17.40798456,66.85040781,-15.5467669,3.400693482,63.97825074,40.79794507,-88.03028897,0.000222524,768.6722188,15.86819615,1.331177912,0.020895704,3.76E-05,46.4212134,1,1,0.888,0.997,1,1,0.9875,1,0.905,0.999,0.994,0.965,0.9995,0.982,0.779,1,0.123,0.9045,0.995,1,0.974,0,1,1,1,0.9985,0.1475,1
qNet-vrest-APD50-camax-CaTD50,0.8125,0.6875,0.875,0.890909091,0.793650794,0.9375,0.6,0.571428571,0.75,0.818181818,0.777777778,0.833333333,4.3999813,2.5714215,5.99997,0.440000616,0.551020985,0.25000075,0.666666667,0.615384615,0.75,0.184871734,0.943127962,0.733333333,-8.749563873,30.89581696,-30.28220025,65.29886168,62.22107294,-55.39277411,-19.26200183,63.95253604,-88.03022061,287.2062878,0.000222565,327.3555683,15.85634121,0.020798121,64.31807536,3.76E-05,22.17761135,1,1,0.973,0.9955,1,1,0.9955,1,0.9525,0.998,1,0.955,0.986,0.9595,0.8035,0.999,0.145,0.7105,0.9955,1,1,0.003,1,1,1,0.998,0.6215,1
qNet-vrest-APD50-camax-CaTD90,0.8125,0.6875,0.8125,0.890909091,0.777777778,0.9375,0.6,0.571428571,0.75,0.909090909,0.777777778,0.833333333,6.599938401,2.5714215,4.499979,0.440000616,0.551020985,0.272728066,0.666666667,0.615384615,0.727272727,0.194714236,0.947867299,0.733333333,-0.942472685,38.66772797,-33.53709423,58.98522273,11.57639827,-6.184484808,23.14801898,63.95253604,-88.03022061,287.2062878,0.000222565,768.6720229,15.85634121,0.020798121,64.31807536,3.76E-05,46.44521373,1,1,0.9695,0.995,1,1,0.995,1,0.945,0.999,0.9995,0.95,0.9915,0.9565,0.784,0.999,0.147,0.8155,0.996,1,0.995,5.00E-04,1,1,1,0.998,0.399,1
qNet-vrest-max_dv-CaTD50-CaTD90,0.8125,0.6875,0.8125,0.872727273,0.793650794,0.9375,0.6,0.571428571,0.75,0.909090909,0.777777778,0.75,6.599938401,2.5714215,3.999988,0.440000616,0.551020985,0.25000075,0.666666667,0.615384615,0.727272727,0.190725214,0.933649289,0.733333333,-21.78624968,18.11029037,-42.62798311,50.83618159,11.53162956,-38.83015187,83.89144804,63.95253604,-88.03022061,-0.292902106,327.3555683,768.6720229,15.85634121,0.020798121,0.063732419,22.17761135,46.44521373,1,1,0.972,0.9955,1,1,0.9955,1,0.9505,0.999,0.9985,0.984,0.994,0.953,0.7865,0.999,0.1505,0.7805,0.998,1,0.9995,0,1,1,1,0.999,0.492,1
qNet-vrest-camax-carest-CaTD50,0.8125,0.625,0.75,0.854545455,0.761904762,0.916666667,0.6,0.428571429,0.75,0.909090909,0.777777778,0.666666667,6.599938401,1.92856725,2.999994,0.440000616,0.734694219,0.272728066,0.666666667,0.5,0.666666667,0.273057397,0.914691943,0.733333333,-5.738015773,35.60962781,-39.29273301,57.43887487,38.17882582,-60.43413349,19.00913505,63.97825074,-88.03028897,0.000222524,7.28E-05,327.3362708,15.86819615,0.020895704,3.76E-05,3.85E-06,22.17423484,1,1,0.9715,0.9965,1,1,0.99,1,0.9245,0.999,0.998,0.9605,0.994,0.2235,0.7805,1,0.1305,0.826,0.9955,1,0.9885,0,1,1,1,0.9985,0.317,0.9995
qNet-APD50-APD90-CaTD50-CaTD90,0.8125,0.75,0.8125,0.836363636,0.841269841,0.927083333,0.6,0.571428571,0.75,0.909090909,0.777777778,0.75,6.599938401,3.21427575,3.999988,0.440000616,0.48214344,0.25000075,0.666666667,0.666666667,0.666666667,0.230158064,0.91943128,0.733333333,-16.81174516,22.48526874,-76.50574904,-123.7541549,108.0690067,-8.854336545,9.9667837,63.95253604,287.2062878,364.2659437,327.3555683,768.6720229,15.85634121,64.31807536,92.85975461,22.17761135,46.44521373,1,1,0.976,0.9965,1,1,0.9955,1,0.948,0.9985,1,0.9745,0.997,0.981,0.831,0.999,0.144,0.771,0.9975,1,1,0,1,1,1,0.9985,0.4725,0.9995
dvdtmax-vmax-max_dv-CaTD50-CaTD90,0.75,0.5625,0.75,0.909090909,0.761904762,0.916666667,0.8,0.142857143,0.75,0.636363636,0.777777778,0.75,2.749995188,1.285713,2.999992,0.275000997,0.918367452,0.333334222,0.666666667,0.25,0.6,0.258463129,0.933649289,0.733333333,-3.202264665,10.0233015,-27.54452124,40.07957591,8.064519564,-1.255235467,15.28168407,72.03390709,40.81753408,-0.292902106,327.3555683,768.6720229,2.416227739,1.184759215,0.063732419,22.17761135,46.44521373,0.9975,1,0.4485,0.996,1,0.9995,0.8215,1,0.8105,0.99,0.972,0.2265,0.358,0.7975,0.66,0.926,0.218,0.551,0.924,1,1,0.9995,0.993924051,1,1,0.8915,0.874,1
dvdtmax-vrest-camax-carest-CaTD50,0.8125,0.6875,0.75,0.872727273,0.777777778,0.895833333,0.6,0.428571429,1,0.818181818,0.777777778,0.666666667,4.3999813,2.5714215,2.999994,0.440000616,0.642857545,1.50E-06,0.666666667,0.545454545,0.666666667,0.265534143,0.909952607,0.733333333,4.139335281,34.18933328,-19.64210174,92.50607621,48.99607486,-63.47729452,46.2347976,72.02405995,-88.03028897,0.000222524,7.28E-05,327.3362708,2.434174718,0.020895704,3.76E-05,3.85E-06,22.17423484,1,1,1,0.9785,1,1,0.997,1,0.989,0.988,1,0.9845,0.948,5.00E-04,0.848,0.9855,0.096,0.4475,0.9995,1,1,0,1,1,1,0.984,0.8885,0.9985
dvdtmax-APD50-camax-carest-CaTD90,0.75,0.625,0.8125,0.872727273,0.698412698,0.875,0.6,0.428571429,1,0.818181818,0.777777778,0.75,3.29998735,1.92856725,3.999988,0.488889514,0.734694219,1.33E-06,0.6,0.5,0.727272727,0.266511946,0.90521327,0.733333333,-5.431020551,2.267787352,-11.47597789,-166.0061224,160.5544959,83.33238159,257.3345934,72.03390709,287.2062878,0.000222565,7.28E-05,768.6720229,2.416227739,64.31807536,3.76E-05,3.84E-06,46.44521373,1,1,1,0.9185,1,1,0.8955,1,0.9485,0.912,0.9725,0.9545,0.553,0,0.933,0.896,0.024,0.7475,0.9605,1,0.3295,1,0.99443038,1,0.9465,0.6045,0.3765,0.9925
dvdtmax-camax-carest-CaTD50-CaTD90,0.75,0.6875,0.875,0.890909091,0.825396825,0.958333333,0.6,0.428571429,0.75,0.727272727,0.777777778,0.833333333,2.933326244,2.5714215,5.99997,0.488889514,0.642857545,0.272728066,0.6,0.545454545,0.75,0.174405165,0.938388626,0.733333333,-35.6503902,-27.9137135,1.746106236,-27.92587216,141.6579356,-113.0263727,245.3801687,72.02405995,0.000222524,7.28E-05,327.3362708,768.6722188,2.434174718,3.76E-05,3.85E-06,22.17423484,46.4212134,1,1,0.9675,0.971,1,1,0.7865,1,0.9245,0.8675,0.9455,0.9885,0.6645,0.7585,0.9545,0.918,0.1475,0.6955,0.924,1,0.659,1,0.9985,1,0.997,0.5935,0.5185,1
vmax-APD50-camax-carest-CaTD90,0.75,0.5625,0.8109375,0.890909091,0.73015873,0.895833333,0.6,0.142857143,1,0.727272727,0.777777778,0.75,2.933326244,1.285713,3.97498815,0.488889514,0.918367452,1.50E-06,0.6,0.25,0.666666667,0.29934665,0.924170616,0.733333333,-0.997754858,9.531819436,21.16945838,-64.32843052,81.57565699,17.96163572,117.9755862,40.81753408,287.2062878,0.000222565,7.28E-05,768.6720229,1.184759215,64.31807536,3.76E-05,3.84E-06,46.44521373,0.999,1,0.9855,0.987,1,1,0.857,1,0.886,0.9955,0.9905,0.374,0.3445,0,0.7705,0.8985,0.1155,0.8425,0.9405,1,0.4825,1,1,1,1,0.816,0.4905,0.9985
vrest-APD50-APD90-camax-CaTD50,0.75,0.6875,0.875,0.890909091,0.80952381,0.9375,0.6,0.428571429,0.75,0.818181818,0.777777778,0.833333333,3.29998735,2.5714215,5.99997,0.488889514,0.642857545,0.272728066,0.6,0.545454545,0.75,0.179241638,0.952606635,0.733333333,-5.092109816,34.31943022,108.9450367,184.6709422,-68.46009317,-92.9855742,-31.49330601,-88.03022061,287.2062878,364.2659437,0.000222565,327.3555683,0.020798121,64.31807536,92.85975461,3.76E-05,22.17761135,1,1,0.967,0.995,0.9905,1,0.996,1,0.959,0.998,0.9995,0.935,0.9755,0.6165,0.7795,0.9995,0.1555,0.6615,0.9955,1,1,0.4545,1,1,1,0.997,0.713,1
vrest-max_dv-carest-CaTD50-CaTD90,0.75,0.6875,0.875,0.890909091,0.825396825,0.9375,0.6,0.571428571,0.75,0.818181818,0.777777778,0.833333333,3.29998735,2.142853714,5.99997,0.488889514,0.642857545,0.272728066,0.6,0.571428571,0.75,0.215981224,0.957345972,0.733333333,-5.991920873,23.5666622,67.17643021,-28.08844273,179.009369,-83.51612374,294.4706788,-88.03022061,-0.292902106,7.28E-05,327.3555683,768.6720229,0.020798121,0.063732419,3.84E-06,22.17761135,46.44521373,1,1,0.9715,0.988,1,1,0.991,1,0.9665,0.9985,0.9975,0.8305,0.9565,0.5885,0.8105,0.995,0.188,0.954,0.998,1,0.192,1,1,1,1,0.9955,0.158,1
APD50-APD90-camax-carest-CaTD90,0.75,0.5625,0.75,0.890909091,0.682539683,0.875,0.6,0.285714286,1,0.818181818,0.777777778,0.666666667,3.29998735,1.285713,2.999994,0.488889514,0.918367452,1.50E-06,0.6,0.363636364,0.666666667,0.289169775,0.91943128,0.733333333,-0.193096292,11.9087067,-104.204204,-63.50050641,173.2228188,81.70500909,263.0760073,287.2062878,364.2659437,0.000222565,7.28E-05,768.6720229,64.31807536,92.85975461,3.76E-05,3.84E-06,46.44521373,1,1,0.9885,0.9935,1,1,0.799,1,0.8415,0.9625,0.968,0.7165,0.633,0,0.742,0.9395,0.0455,0.892,0.9025,1,0.3155,1,1,1,1,0.871,0.278,1
qNet-dvdtmax-vmax-vrest-APD50,0.8125,0.6875,0.75,0.836363636,0.80952381,0.916666667,0.6,0.571428571,0.75,0.818181818,0.666666667,0.75,4.3999813,2.142853714,2.999992,0.440000616,0.551020985,0.333334222,0.666666667,0.615384615,0.6,0.252467903,0.909952607,0.7,-5.39415961,36.7783724,-58.01169993,8.477826353,-10.41861555,25.81076707,-0.502215614,63.95253604,72.03390709,40.81753408,-88.03022061,287.2062878,15.85634121,2.416227739,1.184759215,0.020798121,64.31807536,1,1,0.7725,0.998,1,0.9995,0.9845,1,0.9,0.9965,0.9925,0.8945,0.991,0.995,0.78,1,0.1465,0.745,0.996,1,0.998,0,1,1,1,0.9975,0.4485,1
qNet-dvdtmax-vmax-vrest-APD90,0.8125,0.6875,0.75,0.836363636,0.793650794,0.916666667,0.6,0.571428571,0.75,0.818181818,0.666666667,0.75,4.3999813,2.142853714,2.999992,0.440000616,0.642857545,0.333334222,0.666666667,0.571428571,0.6,0.242356778,0.914691943,0.7,-4.807511016,37.07224823,-56.12206986,8.374603508,-8.705395339,26.03214481,1.829380426,63.95253604,72.03390709,40.81753408,-88.03022061,364.2659437,15.85634121,2.416227739,1.184759215,0.020798121,92.85975461,0.9995,1,0.7675,0.998,1,1,0.9855,1,0.8995,0.9955,0.9925,0.874,0.986,0.994,0.774,1,0.1505,0.7035,0.996,1,1,0,1,1,1,0.995,0.525,1
qNet-dvdtmax-vmax-vrest-max_dv,0.8125,0.6875,0.75,0.836363636,0.80952381,0.916666667,0.6,0.571428571,0.75,0.818181818,0.666666667,0.75,4.3999813,2.142853714,2.999992,0.440000616,0.551020985,0.333334222,0.666666667,0.615384615,0.6,0.243706061,0.909952607,0.7,-5.097142285,36.85770946,-56.70461806,8.326748947,-9.251952796,25.86968314,0.891934098,63.95253604,72.03390709,40.81753408,-88.03022061,-0.292902106,15.85634121,2.416227739,1.184759215,0.020798121,0.063732419,1,1,0.7765,0.998,1,0.9995,0.9845,1,0.9005,0.9955,0.9925,0.8835,0.986,0.994,0.7755,1,0.1475,0.7025,0.996,1,1,0,1,1,1,0.996,0.5305,1
qNet-dvdtmax-vmax-APD50-max_dv,0.8125,0.6875,0.75,0.854545455,0.80952381,0.90625,0.6,0.428571429,0.75,0.818181818,0.777777778,0.666666667,4.3999813,2.5714215,2.999994,0.440000616,0.642857545,0.30000084,0.666666667,0.545454545,0.666666667,0.223266757,0.914691943,0.7,-26.71543869,46.5959963,-114.5025411,-24.46178708,19.40589146,-88.81355564,54.87155768,63.95253604,72.03390709,40.81753408,287.2062878,-0.292902106,15.85634121,2.416227739,1.184759215,64.31807536,0.063732419,1,1,0.935,0.997,1,0.9995,0.979,1,0.905,0.9975,0.9975,0.9615,0.947,0.8335,0.7615,1,0.1025,0.523,0.983,1,1,0,0.999493671,1,1,0.9975,0.8945,0.9995
qNet-dvdtmax-vmax-APD90-CaTD50,0.8125,0.625,0.8125,0.854545455,0.761904762,0.90625,0.6,0.428571429,0.75,0.818181818,0.666666667,0.75,4.3999813,1.92856725,3.999988,0.440000616,0.642857679,0.30000084,0.666666667,0.545454545,0.666666667,0.229562559,0.91943128,0.7,-11.5843079,26.32599066,-58.30685381,16.37330279,-4.791384069,5.959845583,-8.191889028,63.95253604,72.03390709,40.81753408,364.2659437,327.3555683,15.85634121,2.416227739,1.184759215,92.85975461,22.17761135,0.9995,1,0.668,0.9985,1,0.9995,0.9685,1,0.867,0.995,0.991,0.826,0.975,0.953,0.765,1,0.118,0.6345,0.987,1,1,0,1,1,1,0.9935,0.686,1
qNet-dvdtmax-vmax-max_dv-CaTD50,0.8125,0.625,0.75,0.854545455,0.761904762,0.90625,0.6,0.428571429,0.75,0.818181818,0.666666667,0.75,4.3999813,1.92856725,2.999992,0.440000616,0.642857679,0.333334222,0.666666667,0.545454545,0.6,0.231777481,0.914691943,0.7,-11.82719435,26.15382739,-59.13160116,15.60831167,-5.464210801,3.419285273,-8.25263642,63.95253604,72.03390709,40.81753408,-0.292902106,327.3555683,15.85634121,2.416227739,1.184759215,0.063732419,22.17761135,0.9995,1,0.6655,0.9985,1,0.9995,0.968,1,0.8685,0.995,0.991,0.8545,0.9755,0.9545,0.763,1,0.116,0.6285,0.987,1,1,0,1,1,1,0.9935,0.701,1
qNet-dvdtmax-vmax-camax-carest,0.75,0.625,0.8125,0.836363636,0.73015873,0.916666667,0.6,0.428571429,0.75,0.727272727,0.666666667,0.75,2.933326244,1.714283571,3.999988,0.488889514,0.80357165,0.30000084,0.6,0.461538462,0.666666667,0.248812498,0.914691943,0.7,-1.679570184,35.11005797,-47.40594013,-11.27670364,6.918199897,-25.49149274,51.66531018,63.97825074,72.02405995,40.79794507,0.000222524,7.28E-05,15.86819615,2.434174718,1.331177912,3.76E-05,3.85E-06,0.9995,1,0.637,0.9985,1,0.9995,0.967,1,0.8595,0.993,0.9925,0.723,0.9565,0.723,0.746,1,0.136,0.6075,0.9805,1,1,0,1,1,1,0.9925,0.755,1
qNet-dvdtmax-vrest-APD50-max_dv,0.8125,0.75,0.75,0.836363636,0.841269841,0.916666667,0.6,0.571428571,0.75,0.818181818,0.777777778,0.75,4.3999813,3.21427575,2.999994,0.440000616,0.551020985,0.30000084,0.666666667,0.615384615,0.666666667,0.244505665,0.909952607,0.7,-10.7083965,30.04604044,-61.24238172,-8.33608919,14.18981532,-37.96011915,23.18201525,63.95253604,72.03390709,-88.03022061,287.2062878,-0.292902106,15.85634121,2.416227739,0.020798121,64.31807536,0.063732419,1,1,0.888,0.997,1,0.9995,0.988,1,0.9195,0.9975,0.9965,0.9435,0.974,0.996,0.767,1,0.133,0.5745,0.995,1,1,0,1,1,1,0.995,0.7875,1
qNet-dvdtmax-APD50-max_dv-carest,0.8125,0.6875,0.75,0.836363636,0.825396825,0.916666667,0.6,0.428571429,0.75,0.818181818,0.777777778,0.666666667,4.3999813,3.21427575,2.999994,0.440000616,0.571429,0.30000084,0.666666667,0.6,0.666666667,0.239485613,0.909952607,0.7,-13.30835342,26.57858871,-66.1039604,-6.830041629,-51.81575751,28.62279574,7.628654957,63.95253604,72.03390709,287.2062878,-0.292902106,7.28E-05,15.85634121,2.416227739,64.31807536,0.063732419,3.84E-06,1,1,0.9355,0.997,1,0.999,0.9825,1,0.92,0.9965,0.998,0.967,0.962,0.913,0.774,1,0.1015,0.514,0.9905,1,1,0,0.999493671,1,1,0.9955,0.8835,1
qNet-dvdtmax-APD50-max_dv-CaTD50,0.8125,0.75,0.75,0.836363636,0.841269841,0.916666667,0.6,0.571428571,0.75,0.818181818,0.777777778,0.75,4.3999813,3.21427575,2.999992,0.440000616,0.551020985,0.333334222,0.666666667,0.615384615,0.6,0.248530205,0.909952607,0.7,-15.77608691,24.3222822,-67.43772176,-5.699760961,-44.63572065,27.36705085,-4.758949352,63.95253604,72.03390709,287.2062878,-0.292902106,327.3555683,15.85634121,2.416227739,64.31807536,0.063732419,22.17761135,1,1,0.881,0.998,1,0.9995,0.982,1,0.9065,0.996,0.996,0.9565,0.9685,0.975,0.7685,1,0.109,0.5325,0.991,1,1,0,0.999493671,1,1,0.9945,0.849,0.999
qNet-dvdtmax-APD50-camax-carest,0.75,0.625,0.75,0.818181818,0.73015873,0.90625,0.6,0.428571429,0.75,0.727272727,0.666666667,0.75,2.933326244,1.714283571,2.999992,0.488889514,0.80357165,0.333334222,0.6,0.461538462,0.6,0.269714787,0.90521327,0.7,0.233652012,39.12061045,-55.28081284,-8.452060772,-9.238313458,-28.4030851,60.63153358,63.95253604,72.03390709,287.2062878,0.000222565,7.28E-05,15.85634121,2.416227739,64.31807536,3.76E-05,3.84E-06,0.999,1,0.5825,0.998,1,0.9995,0.969,1,0.86,0.995,0.989,0.792,0.981,0.562,0.7475,1,0.141,0.7015,0.985,1,1,0,1,1,1,0.996,0.569,1
qNet-dvdtmax-APD90-max_dv-carest,0.75,0.625,0.8125,0.854545455,0.73015873,0.90625,0.6,0.428571429,0.75,0.818181818,0.666666667,0.75,3.29998735,1.714283571,3.999988,0.488889514,0.734694219,0.30000084,0.6,0.5,0.666666667,0.237984502,0.91943128,0.7,-5.280683054,32.17371829,-52.49634371,8.134138901,6.446775832,-6.620543189,15.75759999,63.95253604,72.03390709,364.2659437,-0.292902106,7.28E-05,15.85634121,2.416227739,92.85975461,0.063732419,3.84E-06,0.999,1,0.5985,0.999,1,1,0.9615,1,0.845,0.9945,0.9865,0.7375,0.976,0.986,0.751,1,0.134,0.703,0.985,1,0.999,0,1,1,1,0.9945,0.5615,1
qNet-dvdtmax-APD90-max_dv-CaTD50,0.75,0.625,0.8125,0.854545455,0.73015873,0.90625,0.6,0.428571429,0.75,0.818181818,0.666666667,0.75,3.29998735,1.714283571,3.999988,0.488889514,0.734694219,0.30000084,0.6,0.5,0.666666667,0.240637986,0.924170616,0.7,-9.790653273,28.1637027,-55.32783007,16.43549128,25.04178427,-11.87578631,-8.174387478,63.95253604,72.03390709,364.2659437,-0.292902106,327.3555683,15.85634121,2.416227739,92.85975461,0.063732419,22.17761135,0.999,1,0.5785,0.9985,1,1,0.9665,1,0.847,0.995,0.9875,0.717,0.9785,0.9895,0.762,1,0.1455,0.7605,0.99,1,0.997,0,1,1,1,0.994,0.4605,1
qNet-dvdtmax-APD90-camax-carest,0.75,0.5625,0.8125,0.836363636,0.714285714,0.916666667,0.6,0.428571429,0.75,0.727272727,0.666666667,0.75,2.933326244,1.285713429,3.999988,0.488889514,0.857143071,0.30000084,0.6,0.461538462,0.666666667,0.256789442,0.909952607,0.7,0.475282084,37.80569484,-50.88250283,-7.72139276,-4.883648085,-30.5277558,63.14132944,63.95253604,72.03390709,364.2659437,0.000222565,7.28E-05,15.85634121,2.416227739,92.85975461,3.76E-05,3.84E-06,0.999,1,0.624,0.9985,1,0.9995,0.969,1,0.861,0.9945,0.9905,0.7585,0.969,0.6155,0.749,1,0.1325,0.624,0.9815,1,1,0,1,1,1,0.994,0.6975,1
qNet-dvdtmax-APD90-camax-CaTD50,0.8125,0.625,0.8125,0.854545455,0.761904762,0.90625,0.6,0.428571429,0.75,0.818181818,0.666666667,0.75,4.3999813,1.92856725,3.999988,0.440000616,0.642857679,0.30000084,0.666666667,0.545454545,0.666666667,0.222827321,0.924170616,0.7,-30.57382551,48.84181407,-125.8549944,29.01318186,38.58895989,-29.29425261,-36.19862839,63.95253604,72.03390709,364.2659437,0.000222565,327.3555683,15.85634121,2.416227739,92.85975461,3.76E-05,22.17761135,0.9995,1,0.6745,0.9985,1,0.9995,0.977,1,0.865,0.9945,0.9905,0.8195,0.9695,0.996,0.757,1,0.128,0.6285,0.986,1,1,0,1,1,1,0.997,0.7215,1
qNet-dvdtmax-APD90-carest-CaTD50,0.75,0.625,0.8125,0.854545455,0.746031746,0.90625,0.6,0.428571429,0.75,0.818181818,0.666666667,0.75,3.29998735,1.714283571,3.999988,0.440000616,0.642857679,0.30000084,0.666666667,0.545454545,0.666666667,0.228852105,0.91943128,0.7,-16.71415631,20.85570727,-58.43164996,19.72210315,19.48399842,-19.54568823,-17.1125576,63.95253604,72.03390709,364.2659437,7.28E-05,327.3555683,15.85634121,2.416227739,92.85975461,3.84E-06,22.17761135,0.999,1,0.6025,0.9985,1,0.9995,0.973,1,0.867,0.995,0.9905,0.8095,0.9715,0.987,0.764,1,0.1425,0.6555,0.991,1,1,0,1,1,1,0.994,0.673,0.9995
qNet-dvdtmax-APD90-CaTD50-CaTD90,0.8125,0.625,0.8125,0.872727273,0.73015873,0.916666667,0.6,0.428571429,0.75,0.818181818,0.666666667,0.75,4.3999813,1.714283571,3.999988,0.440000616,0.642857679,0.30000084,0.666666667,0.545454545,0.666666667,0.229622232,0.933649289,0.7,-26.54983935,12.67290293,-61.91146108,27.60883915,22.6125122,-50.86629028,62.72045119,63.95253604,72.03390709,364.2659437,327.3555683,768.6720229,15.85634121,2.416227739,92.85975461,22.17761135,46.44521373,0.999,1,0.51,0.9985,1,0.9995,0.9745,1,0.8675,0.9965,0.99,0.7985,0.972,1,0.756,1,0.1685,0.689,0.9945,1,1,0.0065,1,1,1,0.996,0.6375,0.9995
qNet-dvdtmax-max_dv-camax-carest,0.75,0.5625,0.8125,0.818181818,0.714285714,0.916666667,0.6,0.285714286,0.75,0.727272727,0.666666667,0.75,2.933326244,1.285713429,3.999988,0.488889514,0.857143071,0.30000084,0.6,0.4,0.666666667,0.265826399,0.909952607,0.7,1.67225664,39.01515195,-50.56547413,-7.63400699,-3.688653936,-33.24932941,67.87163215,63.95253604,72.03390709,-0.292902106,0.000222565,7.28E-05,15.85634121,2.416227739,0.063732419,3.76E-05,3.84E-06,0.999,1,0.61,0.9985,1,0.9995,0.9685,1,0.8545,0.9945,0.9905,0.7415,0.972,0.4955,0.749,1,0.1365,0.652,0.9825,1,1,0,1,1,1,0.994,0.644,1
qNet-dvdtmax-max_dv-CaTD50-CaTD90,0.8125,0.625,0.75,0.854545455,0.746031746,0.91640625,0.6,0.428571429,0.75,0.818181818,0.666666667,0.75,4.3999813,1.92856725,2.999992,0.440000616,0.642857679,0.333334222,0.666666667,0.545454545,0.6,0.233934949,0.91943128,0.7,-24.63950825,14.61151597,-62.20642936,16.44667079,11.48723751,-40.59249019,48.13269103,63.95253604,72.03390709,-0.292902106,327.3555683,768.6720229,15.85634121,2.416227739,0.063732419,22.17761135,46.44521373,0.999,1,0.507,0.9985,1,0.9995,0.9745,1,0.8705,0.9965,0.9905,0.861,0.969,1,0.747,1,0.153,0.63,0.993,1,1,0,1,1,1,0.9945,0.7215,0.9995
qNet-dvdtmax-camax-carest-CaTD50,0.75,0.5625,0.75,0.818181818,0.714285714,0.90625,0.6,0.428571429,0.75,0.727272727,0.666666667,0.75,2.933326244,1.285713429,2.999992,0.488889514,0.857143071,0.333334222,0.6,0.461538462,0.6,0.278137361,0.90521327,0.7,-0.831605625,37.28305298,-53.88643485,-7.895229163,-39.45149523,65.82745315,-6.026501118,63.97825074,72.02405995,0.000222524,7.28E-05,327.3362708,15.86819615,2.434174718,3.76E-05,3.85E-06,22.17423484,0.999,1,0.561,0.9985,1,0.9995,0.97,1,0.8605,0.995,0.989,0.782,0.978,0.376,0.748,1,0.145,0.6805,0.984,1,1,0,1,1,1,0.996,0.6075,1
qNet-dvdtmax-camax-carest-CaTD90,0.75,0.625,0.75,0.818181818,0.73015873,0.90625,0.6,0.428571429,0.75,0.727272727,0.666666667,0.75,2.933326244,1.714283571,2.999992,0.488889514,0.734694219,0.333334222,0.6,0.5,0.6,0.25936195,0.909952607,0.7,-1.071435749,36.55730034,-52.77676636,-7.534998715,-32.70256768,54.34603484,-8.664006864,63.97825074,72.02405995,0.000222524,7.28E-05,768.6722188,15.86819615,2.434174718,3.76E-05,3.85E-06,46.4212134,0.999,1,0.6285,0.9985,1,0.9995,0.969,1,0.866,0.995,0.99,0.78,0.973,0.657,0.753,1,0.132,0.638,0.983,1,1,0,1,1,1,0.9945,0.681,1
qNet-dvdtmax-camax-CaTD50-CaTD90,0.8125,0.625,0.75,0.890909091,0.714285714,0.90625,0.6,0.428571429,0.75,0.818181818,0.666666667,0.75,4.3999813,1.714283571,2.999992,0.440000616,0.642857679,0.333334222,0.666666667,0.545454545,0.6,0.239369995,0.943127962,0.7,-19.63102558,19.34075817,-58.21920117,31.99514956,22.37162189,-39.17775628,71.05427831,63.97825074,72.02405995,0.000222524,327.3362708,768.6722188,15.86819615,2.434174718,3.76E-05,22.17423484,46.4212134,0.999,1,0.4185,0.9985,1,1,0.9625,1,0.839,0.997,0.985,0.8125,0.982,0.966,0.7275,1,0.1625,0.8315,0.9895,1,0.99,0.1335,1,1,1,0.997,0.3825,1
qNet-vmax-vrest-APD90-max_dv,0.75,0.6875,0.75,0.818181818,0.793650794,0.90625,0.6,0.428571429,0.75,0.818181818,0.666666667,0.75,3.29998735,2.142853714,2.999992,0.488889514,0.642857545,0.333334222,0.6,0.571428571,0.6,0.278290073,0.90521327,0.7,-4.956710718,36.88974415,-53.6881845,-3.440222751,25.80270263,7.478344802,-3.548259844,63.95253604,40.81753408,-88.03022061,364.2659437,-0.292902106,15.85634121,1.184759215,0.020798121,92.85975461,0.063732419,0.999,1,0.6485,0.998,1,1,0.985,1,0.893,0.996,0.991,0.8245,0.989,0.9435,0.767,1,0.172,0.7785,0.9965,1,0.9955,0,1,1,1,0.995,0.3775,1
qNet-vmax-vrest-APD90-carest,0.8125,0.625,0.75,0.854545455,0.746031746,0.885416667,0.6,0.428571429,0.75,0.909090909,0.666666667,0.666666667,6.599938401,1.92856725,2.999992,0.440000616,0.734694219,0.333334222,0.666666667,0.5,0.6,0.253639965,0.91943128,0.7,-27.69339333,89.99886184,-186.7444227,11.360436,37.86947391,-13.09255955,-18.52071806,63.95253604,40.81753408,-88.03022061,364.2659437,7.28E-05,15.85634121,1.184759215,0.020798121,92.85975461,3.84E-06,1,1,0.89,0.9985,1,0.9995,0.99,1,0.7805,0.998,0.942,0.9075,0.99,0.677,0.635,1,0.0865,0.78,0.924,1,0.9995,0,1,1,1,1,0.479,1
qNet-vmax-vrest-carest-CaTD90,0.8125,0.6875,0.8125,0.854545455,0.76984127,0.90625,0.6,0.571428571,0.75,0.818181818,0.666666667,0.75,4.3999813,2.142853714,3.999988,0.440000616,0.642857545,0.30000084,0.666666667,0.571428571,0.666666667,0.221304541,0.91943128,0.7,-22.67589084,94.48245461,-148.5836614,3.542992172,52.37130663,17.04211694,21.28161825,63.97825074,40.79794507,-88.03028897,7.28E-05,768.6722188,15.86819615,1.331177912,0.020895704,3.85E-06,46.4212134,1,1,0.827,0.998,1,1,0.98,1,0.8765,0.998,0.9925,0.895,0.9875,0.944,0.753,1,0.1185,0.76,0.9875,1,0.9985,0,1,1,1,0.9965,0.4915,1
qNet-vmax-APD50-max_dv-CaTD50,0.8125,0.6875,0.75,0.818181818,0.841269841,0.875,0.6,0.428571429,0.75,0.909090909,0.777777778,0.666666667,6.599938401,3.21427575,2.999992,0.440000616,0.571429,0.333334222,0.666666667,0.6,0.6,0.274966827,0.900473934,0.7,-26.02878037,48.90541405,-140.0309516,-12.65697966,-55.17371249,19.92892097,-9.912496382,63.95253604,40.81753408,287.2062878,-0.292902106,327.3555683,15.85634121,1.184759215,64.31807536,0.063732419,22.17761135,1,1,0.781,0.998,1,0.9995,0.971,1,0.876,0.997,0.9905,0.9415,0.991,0.901,0.776,0.999,0.096,0.669,0.984,1,1,0,1,1,1,1,0.619,1
qNet-vmax-APD50-camax-carest,0.75,0.625,0.75,0.836363636,0.761904762,0.916666667,0.6,0.428571429,0.75,0.818181818,0.666666667,0.75,3.29998735,1.714283571,2.999992,0.488889514,0.734694219,0.333334222,0.6,0.5,0.6,0.249132611,0.909952607,0.7,-0.00255134,38.83225612,-60.02185027,-8.829579944,-13.38784146,-27.16669484,61.09695981,63.95253604,40.81753408,287.2062878,0.000222565,7.28E-05,15.85634121,1.184759215,64.31807536,3.76E-05,3.84E-06,1,1,0.6825,0.998,1,0.9995,0.973,1,0.8765,0.9955,0.9905,0.845,0.9855,0.795,0.7665,1,0.1205,0.671,0.986,1,1,0,1,1,1,0.9975,0.5895,1
qNet-vmax-APD50-carest-CaTD90,0.75,0.625,0.8125,0.854545455,0.73015873,0.927083333,0.6,0.428571429,0.75,0.818181818,0.666666667,0.833333333,3.29998735,1.714283571,4.499979,0.488889514,0.734694219,0.30000084,0.6,0.5,0.666666667,0.230905361,0.928909953,0.7,9.939452405,50.09139603,-64.83373329,-17.1275318,-75.4459998,125.5626683,75.87442886,63.95253604,40.81753408,287.2062878,7.28E-05,768.6720229,15.85634121,1.184759215,64.31807536,3.84E-06,46.44521373,1,1,0.8135,0.9975,1,0.9995,0.9795,1,0.917,0.997,0.9935,0.8775,0.9915,0.719,0.773,1,0.121,0.7755,0.9915,1,0.994,0,1,1,1,0.9975,0.3975,1
qNet-vmax-APD90-camax-carest,0.75,0.625,0.8125,0.854545455,0.73015873,0.916666667,0.6,0.428571429,0.75,0.818181818,0.666666667,0.75,3.29998735,1.714283571,3.999988,0.488889514,0.734694219,0.30000084,0.6,0.5,0.666666667,0.238537996,0.914691943,0.7,0.569042256,37.8004469,-52.74081445,-4.256145271,-6.253189572,-26.79486216,58.83887494,63.95253604,40.81753408,364.2659437,0.000222565,7.28E-05,15.85634121,1.184759215,92.85975461,3.76E-05,3.84E-06,0.9995,1,0.6625,0.9985,1,0.9995,0.969,1,0.8665,0.9945,0.9905,0.7825,0.9715,0.7895,0.7545,1,0.1225,0.6185,0.981,1,1,0,1,1,1,0.9935,0.706,1
qNet-vmax-APD90-camax-CaTD50,0.75,0.625,0.8125,0.854545455,0.746031746,0.916666667,0.6,0.428571429,0.75,0.818181818,0.666666667,0.75,3.29998735,1.92856725,3.999988,0.440000616,0.642857679,0.30000084,0.666666667,0.545454545,0.666666667,0.218718269,0.924170616,0.7,-31.06879916,20.37750378,-74.6022224,20.64302539,66.34740563,-53.95805252,-45.0466034,63.95253604,40.81753408,364.2659437,0.000222565,327.3555683,15.85634121,1.184759215,92.85975461,3.76E-05,22.17761135,0.999,1,0.6875,0.9985,1,0.9995,0.981,1,0.879,0.995,0.9955,0.78,0.946,0.985,0.7695,1,0.163,0.6035,0.9895,1,1,0,1,1,1,0.9945,0.8015,1
qNet-vmax-APD90-carest-CaTD50,0.75,0.625,0.8125,0.890909091,0.738095238,0.90625,0.6,0.428571429,0.75,0.818181818,0.666666667,0.75,3.29998735,1.714283571,3.999988,0.488889514,0.734694219,0.30000084,0.6,0.5,0.666666667,0.230993406,0.938388626,0.7,-55.40843518,41.86257752,-116.6896595,81.68511061,110.5920567,-107.5425711,-51.60092857,63.95253604,40.81753408,364.2659437,7.28E-05,327.3555683,15.85634121,1.184759215,92.85975461,3.84E-06,22.17761135,0.999,1,0.5955,0.999,1,0.9995,0.9715,1,0.8455,0.99,0.986,0.588,0.8585,0.9965,0.7205,1,0.1785,0.608,0.984,1,1,0.175,1,1,1,0.987,0.8135,0.999
qNet-vmax-max_dv-camax-carest,0.75,0.625,0.8125,0.836363636,0.714285714,0.916666667,0.6,0.428571429,0.75,0.727272727,0.666666667,0.75,2.933326244,1.714283571,3.999988,0.488889514,0.80357165,0.30000084,0.6,0.461538462,0.666666667,0.251429071,0.914691943,0.7,2.237390975,39.53249919,-52.91361588,-5.532414369,-5.165975848,-31.80263176,67.72142681,63.95253604,40.81753408,-0.292902106,0.000222565,7.28E-05,15.85634121,1.184759215,0.063732419,3.76E-05,3.84E-06,0.999,1,0.6475,0.9985,1,0.9995,0.97,1,0.8605,0.9945,0.9895,0.764,0.9755,0.6445,0.7565,1,0.1265,0.652,0.982,1,1,0,1,1,1,0.994,0.6385,1
qNet-vmax-camax-carest-CaTD50,0.75,0.625,0.8125,0.818181818,0.73015873,0.916666667,0.6,0.428571429,0.75,0.727272727,0.666666667,0.75,2.933326244,1.714283571,3.999988,0.488889514,0.734694219,0.30000084,0.6,0.5,0.666666667,0.254669125,0.909952607,0.7,-1.535084396,36.28014124,-56.60305305,-6.975018553,-39.76283663,64.84164756,-7.528734365,63.97825074,40.79794507,0.000222524,7.28E-05,327.3362708,15.86819615,1.331177912,3.76E-05,3.85E-06,22.17423484,0.999,1,0.6335,0.9985,1,0.9995,0.971,1,0.8745,0.995,0.9905,0.824,0.9805,0.5735,0.7595,1,0.131,0.651,0.984,1,1,0,1,1,1,0.996,0.649,1
qNet-vmax-camax-carest-CaTD90,0.75,0.625,0.8125,0.836363636,0.761904762,0.916666667,0.6,0.428571429,0.75,0.818181818,0.666666667,0.75,3.29998735,1.92856725,3.999988,0.488889514,0.734694219,0.30000084,0.6,0.5,0.666666667,0.236255914,0.91457346,0.7,-2.221093651,35.16456223,-55.19748434,-5.916476715,-29.61124289,47.80776674,-10.65634642,63.97825074,40.79794507,0.000222524,7.28E-05,768.6722188,15.86819615,1.331177912,3.76E-05,3.85E-06,46.4212134,1,1,0.699,0.9985,1,0.9995,0.9695,1,0.876,0.995,0.992,0.8225,0.9745,0.881,0.7665,1,0.115,0.6185,0.9815,1,1,0,1,1,1,0.9945,0.705,1
qNet-vmax-carest-CaTD50-CaTD90,0.8125,0.625,0.75,0.836363636,0.746031746,0.90625,0.6,0.571428571,0.75,0.818181818,0.666666667,0.75,4.3999813,1.714283571,2.999992,0.488889514,0.642857679,0.333334222,0.6,0.571428571,0.6,0.251882612,0.914691943,0.7,-44.74493591,-7.740062844,-54.28994689,1.625273493,78.85891845,-100.2160466,197.8260698,63.97825074,40.79794507,7.28E-05,327.3362708,768.6722188,15.86819615,1.331177912,3.85E-06,22.17423484,46.4212134,0.999,1,0.498,0.9985,1,1,0.969,1,0.8635,0.9975,0.988,0.8565,0.989,1,0.7555,1,0.1565,0.8145,0.992,1,0.9825,0,1,1,1,0.997,0.3565,1
qNet-APD50-max_dv-camax-CaTD50,0.8125,0.6875,0.75,0.854545455,0.80952381,0.916666667,0.6,0.428571429,0.75,0.818181818,0.777777778,0.666666667,4.3999813,2.5714215,2.999994,0.440000616,0.642857545,0.30000084,0.666666667,0.545454545,0.666666667,0.233257644,0.914691943,0.7,-12.69655071,27.26566883,-64.79498125,-43.95885266,24.35261372,6.212770511,0.221366219,63.95253604,287.2062878,-0.292902106,0.000222565,327.3555683,15.85634121,64.31807536,0.063732419,3.76E-05,22.17761135,1,1,0.904,0.998,1,0.9995,0.9805,1,0.9055,0.996,0.997,0.9475,0.9595,0.828,0.768,1,0.1045,0.5235,0.989,1,1,0,1,1,1,0.9955,0.868,1
qNet-APD50-max_dv-carest-CaTD50,0.8125,0.6875,0.75,0.854545455,0.80952381,0.916666667,0.6,0.428571429,0.75,0.818181818,0.777777778,0.75,4.3999813,2.5714215,2.999994,0.440000616,0.642857545,0.30000084,0.666666667,0.545454545,0.666666667,0.22466772,0.914691943,0.7,-13.28172378,26.26937022,-64.13136737,-39.91591273,24.54781885,3.283372084,-2.764928131,63.95253604,287.2062878,-0.292902106,7.28E-05,327.3555683,15.85634121,64.31807536,0.063732419,3.84E-06,22.17761135,1,1,0.9045,0.998,1,0.999,0.9805,1,0.9055,0.996,0.9975,0.951,0.9585,0.9055,0.7695,1,0.1045,0.522,0.9875,1,1,0,1,1,1,0.9955,0.876,1
qNet-APD50-max_dv-carest-CaTD90,0.8125,0.6875,0.8125,0.890909091,0.793650794,0.9375,0.6,0.428571429,0.75,0.818181818,0.777777778,0.75,4.3999813,2.5714215,3.999988,0.440000616,0.642857545,0.272728066,0.666666667,0.545454545,0.727272727,0.195000537,0.933649289,0.7,-5.241451885,34.11343746,-61.05446721,-56.92232272,22.81511472,40.01949673,23.75489823,63.95253604,287.2062878,-0.292902106,7.28E-05,768.6720229,15.85634121,64.31807536,0.063732419,3.84E-06,46.44521373,1,1,0.9385,0.997,1,0.999,0.981,1,0.9225,0.997,0.9975,0.94,0.9515,0.926,0.7715,1,0.1045,0.5175,0.9865,1,1,0,1,1,1,0.9945,0.8785,1
qNet-APD50-max_dv-CaTD50-CaTD90,0.8125,0.6875,0.75,0.836363636,0.80952381,0.895833333,0.6,0.571428571,0.75,0.909090909,0.777777778,0.747916667,6.599938401,2.5714215,2.999992,0.440000616,0.571429,0.333334222,0.666666667,0.6,0.6,0.239984657,0.914691943,0.7,-31.91121975,48.30438241,-129.7067893,-63.97755551,40.44846508,-13.74691433,6.655146602,63.95253604,287.2062878,-0.292902106,327.3555683,768.6720229,15.85634121,64.31807536,0.063732419,22.17761135,46.44521373,1,1,0.849,0.998,1,0.9995,0.979,1,0.893,0.998,0.995,0.9595,0.98,0.937,0.759,1,0.106,0.6185,0.986,1,1,0,1,1,1,0.995,0.7325,0.9995
qNet-APD50-camax-carest-CaTD50,0.8125,0.6875,0.8125,0.872727273,0.777777778,0.916666667,0.6,0.428571429,0.75,0.818181818,0.777777778,0.75,4.3999813,2.5714215,3.999988,0.4000006,0.642857545,0.30000084,0.666666667,0.545454545,0.666666667,0.225914553,0.924170616,0.7,-21.13765813,13.99993543,-73.07688163,55.48799111,-94.0709648,47.63429557,-47.00406377,63.95253604,287.2062878,0.000222565,7.28E-05,327.3555683,15.85634121,64.31807536,3.76E-05,3.84E-06,22.17761135,1,1,0.929,0.9985,0.9935,0.9995,0.981,1,0.8105,0.8965,0.975,0.8015,0.892,0.987,0.7125,1,0.0545,0.3845,0.828,1,1,0,1,1,1,1,0.9665,1
qNet-APD90-camax-carest-CaTD50,0.75,0.6875,0.75,0.818181818,0.777777778,0.916666667,0.6,0.428571429,0.75,0.818181818,0.666666667,0.75,3.29998735,2.142853714,2.999994,0.488889514,0.642857545,0.30000084,0.6,0.571428571,0.666666667,0.245707918,0.914691943,0.7,-25.10590499,10.25637151,-59.48749967,50.60005447,-70.53830442,29.9075694,-43.10152668,63.95253604,364.2659437,0.000222565,7.28E-05,327.3555683,15.85634121,92.85975461,3.76E-05,3.84E-06,22.17761135,0.9995,1,0.807,0.998,0.9975,0.9995,0.985,1,0.918,0.998,0.997,0.9405,0.993,0.733,0.8215,1,0.136,0.7005,0.99,1,1,0,1,1,1,0.996,0.611,0.9995
qNet-max_dv-camax-carest-CaTD50,0.8125,0.6875,0.75,0.836363636,0.80952381,0.90625,0.6,0.571428571,0.75,0.818181818,0.777777778,0.75,4.3999813,2.5714215,2.999992,0.440000616,0.551020985,0.333334222,0.666666667,0.615384615,0.6,0.238020531,0.914691943,0.7,-19.32150729,18.51847333,-60.30695684,18.28721578,-33.26743635,14.28953254,-23.95717528,63.95253604,-0.292902106,0.000222565,7.28E-05,327.3555683,15.85634121,0.063732419,3.76E-05,3.84E-06,22.17761135,1,1,0.7425,0.998,1,0.999,0.9775,1,0.9,0.997,0.9945,0.9235,0.9675,1,0.7725,1,0.118,0.545,0.9885,1,1,0,1,1,1,0.9945,0.844,1
qNet-max_dv-camax-carest-CaTD90,0.8125,0.625,0.75,0.836363636,0.761904762,0.916666667,0.6,0.428571429,0.75,0.818181818,0.666666667,0.75,4.3999813,1.92856725,2.99999395,0.440000616,0.642857679,0.333334222,0.666666667,0.545454545,0.6,0.231349851,0.914691943,0.7,-5.935252707,31.56622156,-54.01001971,3.244150399,-18.26389738,24.67181075,-12.7052088,63.95253604,-0.292902106,0.000222565,7.28E-05,768.6720229,15.85634121,0.063732419,3.76E-05,3.84E-06,46.44521373,0.9995,1,0.687,0.9985,1,0.9995,0.9685,1,0.8705,0.995,0.992,0.8175,0.97,0.9865,0.7595,1,0.12,0.6115,0.982,1,1,0,1,1,1,0.9945,0.736,1
dvdtmax-vmax-APD50-APD90-camax,0.6875,0.5625,0.8125,0.872727273,0.73015873,0.916666667,0.8,0.142857143,0.75,0.636363636,0.777777778,0.75,2.19999736,1.285711714,3.999988,0.275000997,0.964285754,0.30000084,0.666666667,0.222222222,0.666666667,0.28187274,0.928909953,0.7,-2.786585525,11.03909194,-28.55323211,41.57877856,3.611736865,18.54928855,-11.82113702,72.03390709,40.81753408,287.2062878,364.2659437,0.000222565,2.416227739,1.184759215,64.31807536,92.85975461,3.76E-05,0.998,1,0.4995,0.9965,1,0.9995,0.86,1,0.822,0.9875,0.983,0.162,0.367,0.3705,0.7035,0.9295,0.2225,0.576,0.94,1,1,0.9995,0.995443038,1,1,0.889,0.8485,1
dvdtmax-vmax-APD50-APD90-carest,0.75,0.5625,0.75,0.890909091,0.746031746,0.916666667,0.8,0.285714286,0.75,0.636363636,0.777777778,0.75,2.749995188,1.285713,2.999992,0.275000997,0.918367452,0.333334222,0.666666667,0.363636364,0.6,0.262543285,0.933649289,0.7,-5.469566743,8.138480673,-25.05657505,40.45970559,8.518450483,14.085526,-16.82026296,72.03390709,40.81753408,287.2062878,364.2659437,7.28E-05,2.416227739,1.184759215,64.31807536,92.85975461,3.84E-06,0.9975,1,0.397,0.9975,1,1,0.842,1,0.7835,0.9855,0.9695,0.124,0.3685,0.8845,0.688,0.928,0.221,0.6055,0.9445,1,0.997,0.994,0.99443038,1,1,0.8785,0.816,1
dvdtmax-vmax-APD50-APD90-CaTD90,0.75,0.625,0.8125,0.890909091,0.761904762,0.916666667,0.8,0.285714286,0.75,0.636363636,0.777777778,0.75,2.749995188,1.92856725,3.999988,0.275000997,0.857143,0.30000084,0.666666667,0.363636364,0.666666667,0.247990184,0.938388626,0.7,-3.567929129,10.12965118,-28.13207707,40.88746859,-5.650595606,17.95113602,13.97215115,72.03390709,40.81753408,287.2062878,364.2659437,768.6720229,2.416227739,1.184759215,64.31807536,92.85975461,46.44521373,0.998,1,0.583,0.9965,1,1,0.865,1,0.8245,0.9895,0.982,0.173,0.3765,0.807,0.7105,0.9285,0.2125,0.626,0.942,1,0.9965,0.9995,0.994936709,1,1,0.891,0.8005,1
dvdtmax-vmax-APD50-carest-CaTD50,0.75,0.5625,0.75,0.890909091,0.746031746,0.916666667,0.8,0.142857143,0.75,0.636363636,0.777777778,0.75,2.749995188,1.285711714,2.999992,0.275000997,0.964285754,0.333334222,0.666666667,0.222222222,0.6,0.27605941,0.928909953,0.7,3.707803591,18.33047851,-28.31269389,36.81798212,4.776246538,10.58171928,12.19492007,72.03390709,40.81753408,287.2062878,7.28E-05,327.3555683,2.416227739,1.184759215,64.31807536,3.84E-06,22.17761135,0.998,1,0.4975,0.9975,1,0.9985,0.846,1,0.786,0.9785,0.975,0.1345,0.367,0.6185,0.6725,0.9395,0.1865,0.491,0.93,1,1,0.9995,0.993924051,1,1,0.8875,0.9105,1
dvdtmax-vmax-APD50-carest-CaTD90,0.6875,0.5625,0.8125,0.872727273,0.746031746,0.916666667,0.8,0.142857143,0.75,0.636363636,0.777777778,0.75,2.1999967,1.285711714,3.999988,0.314286792,0.964285754,0.30000084,0.615384615,0.222222222,0.666666667,0.287788256,0.928909953,0.7,8.059376097,22.82201068,-33.03035284,34.72259116,-25.34670119,71.28778715,62.43853402,72.03390709,40.81753408,287.2062878,7.28E-05,768.6720229,2.416227739,1.184759215,64.31807536,3.84E-06,46.44521373,0.998,1,0.6345,0.993,1,1,0.8805,1,0.813,0.9825,0.992,0.2075,0.402,0.1545,0.6875,0.9435,0.205,0.575,0.9495,1,0.994,1,0.995949367,1,1,0.91,0.804,1
dvdtmax-vmax-APD90-camax-carest,0.6875,0.5625,0.8125,0.872727273,0.73015873,0.916666667,0.8,0.142857143,0.75,0.636363636,0.777777778,0.75,2.19999736,1.285711714,3.999988,0.275000997,0.964285754,0.30000084,0.666666667,0.222222222,0.666666667,0.299496604,0.924170616,0.7,4.028207211,18.1711987,-33.84157307,41.12033629,20.39198223,-35.02589753,37.09477437,72.03390709,40.81753408,364.2659437,0.000222565,7.28E-05,2.416227739,1.184759215,92.85975461,3.76E-05,3.84E-06,0.9975,1,0.555,0.9935,1,0.998,0.8955,1,0.8295,0.984,0.9935,0.193,0.353,0.007,0.707,0.937,0.231,0.4965,0.9405,1,1,1,0.994936709,1,1,0.8905,0.92,1
dvdtmax-vmax-APD90-camax-CaTD50,0.6875,0.5625,0.8125,0.872727273,0.73015873,0.916666667,0.8,0.142857143,0.75,0.636363636,0.777777778,0.75,2.1999967,1.285711714,3.999988,0.314286792,0.964285754,0.30000084,0.615384615,0.222222222,0.666666667,0.290732181,0.928909953,0.7,-4.4652167,8.86059668,-29.36819497,43.44058972,28.30852156,-19.02617839,-4.636664739,72.03390709,40.81753408,364.2659437,0.000222565,327.3555683,2.416227739,1.184759215,92.85975461,3.76E-05,22.17761135,0.997,1,0.5325,0.995,1,0.9995,0.88,1,0.8425,0.9915,0.9875,0.182,0.3525,0.1375,0.719,0.9255,0.232,0.608,0.9465,1,1,0.9995,0.994936709,1,1,0.887,0.8255,1
dvdtmax-vmax-APD90-camax-CaTD90,0.75,0.5625,0.75,0.909090909,0.746031746,0.895833333,0.8,0.282142857,0.75,0.727272727,0.777777778,0.75,2.933326244,1.285713,2.999992,0.275000997,0.918367452,0.333334222,0.666666667,0.33125,0.6,0.254563722,0.938388626,0.7,-4.632144957,9.71581694,-26.3753282,38.05255717,4.121177154,13.02304082,27.08733775,72.03390709,40.81753408,364.2659437,0.000222565,768.6720229,2.416227739,1.184759215,92.85975461,3.76E-05,46.44521373,0.998,1,0.5325,0.9975,1,1,0.8425,1,0.7975,0.986,0.975,0.152,0.399,0.8365,0.691,0.934,0.1845,0.6115,0.9365,1,0.995,0.9975,0.994936709,1,1,0.8915,0.808,1
dvdtmax-vmax-APD90-carest-CaTD50,0.75,0.5625,0.8125,0.890909091,0.746031746,0.916666667,0.8,0.142857143,0.75,0.636363636,0.777777778,0.75,2.749995188,1.285711714,3.999988,0.275000997,0.964285754,0.30000084,0.666666667,0.222222222,0.666666667,0.270150743,0.933649289,0.7,3.02825873,17.34614078,-28.48458743,37.86224979,5.628349954,7.877056707,11.50938312,72.03390709,40.81753408,364.2659437,7.28E-05,327.3555683,2.416227739,1.184759215,92.85975461,3.84E-06,22.17761135,0.998,1,0.543,0.997,1,0.9985,0.8565,1,0.7985,0.9795,0.979,0.14,0.361,0.6415,0.6795,0.935,0.192,0.5045,0.935,1,1,0.9995,0.993924051,1,1,0.884,0.898,1
dvdtmax-vmax-APD90-CaTD50-CaTD90,0.75,0.625,0.8125,0.890909091,0.746031746,0.916666667,0.6,0.285714286,0.75,0.727272727,0.666666667,0.75,2.933326244,1.714283571,3.999988,0.488889514,0.80357165,0.30000084,0.6,0.4,0.666666667,0.242862428,0.938388626,0.7,-20.01023424,-6.483132931,-27.08806904,43.17152932,25.54415248,-33.48028024,65.57943512,72.03390709,40.81753408,364.2659437,327.3555683,768.6720229,2.416227739,1.184759215,92.85975461,22.17761135,46.44521373,0.998,1,0.517,0.997,1,1,0.88,1,0.8505,0.9965,0.984,0.221,0.4125,0.992,0.741,0.925,0.234,0.802,0.9605,0.9995,0.841,0.996,0.995443038,1,1,0.8985,0.584,1
dvdtmax-vmax-camax-carest-CaTD50,0.75,0.5625,0.8125,0.890909091,0.761904762,0.916666667,0.8,0.142857143,0.75,0.636363636,0.888888889,0.75,2.749995188,1.285711714,3.999988,0.275000997,0.964285754,0.30000084,0.666666667,0.222222222,0.666666667,0.27087367,0.933649289,0.7,7.426168372,22.00967486,-30.54328012,39.12868929,-6.98938412,27.35556435,15.35527354,72.02405995,40.79794507,0.000222524,7.28E-05,327.3362708,2.434174718,1.331177912,3.76E-05,3.85E-06,22.17423484,0.9985,1,0.6775,0.997,1,0.993,0.8635,1,0.812,0.9725,0.9895,0.165,0.3585,0.501,0.698,0.9495,0.1605,0.422,0.9105,1,1,1,0.9915,1,1,0.8865,0.951,1
dvdtmax-APD90-camax-carest-CaTD90,0.75,0.5625,0.75,0.909090909,0.746031746,0.895833333,0.8,0.142857143,0.75,0.727272727,0.777777778,0.666666667,2.933326244,1.285711714,2.999992,0.275000997,0.964285754,0.333334222,0.666666667,0.222222222,0.6,0.279179151,0.928909953,0.7,13.63684352,27.19879399,-10.30765634,-82.40865892,45.34039731,121.7142736,136.4154998,72.03390709,364.2659437,0.000222565,7.28E-05,768.6720229,2.416227739,92.85975461,3.76E-05,3.84E-06,46.44521373,0.9995,1,0.557,0.9985,1,1,0.7305,1,0.7655,0.913,0.959,0.2095,0.6175,0.436,0.641,0.989,0.084,0.4465,0.872,1,0.999,1,0.997974684,1,1,0.8855,0.8565,1
vmax-APD50-carest-CaTD50-CaTD90,0.75,0.625,0.8125,0.890909091,0.746031746,0.916666667,0.6,0.428571429,0.75,0.818181818,0.666666667,0.833333333,3.29998735,1.714283571,4.499979,0.488889514,0.734694219,0.30000084,0.6,0.5,0.666666667,0.254280681,0.933649289,0.7,-39.53194308,-27.72839796,22.79961544,6.68422172,97.91466726,-116.7575292,254.5986657,40.81753408,287.2062878,7.28E-05,327.3555683,768.6720229,1.184759215,64.31807536,3.84E-06,22.17761135,46.44521373,0.998,1,0.4265,0.997,1,1,0.864,1,0.9115,0.991,0.981,0.6535,0.498,0.987,0.804,0.9295,0.281,0.905,0.954,0.9995,0.1705,1,1,1,1,0.8765,0.3725,1
vmax-camax-carest-CaTD50-CaTD90,0.75,0.5625,0.8125,0.890909091,0.73015873,0.916666667,0.6,0.428571429,0.75,0.818181818,0.666666667,0.75,3.29998735,1.285713429,3.999988,0.488889514,0.857143071,0.30000084,0.6,0.461538462,0.666666667,0.257236757,0.933649289,0.7,-39.85032131,-28.13166424,25.40026728,9.358641614,95.87336998,-116.365628,263.31006,40.79794507,0.000222524,7.28E-05,327.3362708,768.6722188,1.331177912,3.76E-05,3.85E-06,22.17423484,46.4212134,0.9985,1,0.473,0.997,1,1,0.866,1,0.9135,0.992,0.981,0.67,0.5055,0.921,0.8025,0.9265,0.268,0.9165,0.9575,1,0.1655,1,1,1,1,0.875,0.3265,1
